Energy Burden (% income),Avg. Annual Energy Cost ($),Total Households,Household Income,Black/ African American (% pop.),American Indian/ Native Alaskan (% pop.),Asian (% pop.),Native Hawaiian/ Other Pacific Islander (% pop.),White Hispanic or Latino (% pop.),White Non-Hispanic or Latino (% pop.),Two or More Races (% pop.),Other Races (% pop.),Less Than High School (% pop.),High School (% pop.),Associates or Some College (% pop.),Bachelors or Higher (% pop.)
3,2508,750,88111,0,0,0,0,25,65,3,6,20,36,36,9
3,2578,1011,89600,0,1,2,0,22,69,3,4,15,25,35,25
2,2670,1154,126297,4,0,4,0,11,77,4,0,4,25,27,44
2,2560,1186,161727,1,3,5,0,16,72,2,1,2,22,29,47
2,2032,2354,103099,15,0,1,0,12,63,7,2,10,21,12,58
3,2190,1419,77967,9,0,15,0,29,46,2,0,18,9,41,31
2,2432,1064,155119,1,0,6,0,9,78,3,1,7,19,25,50
2,2379,2705,120859,10,0,1,0,7,76,5,1,13,20,27,40
2,2543,2610,161129,13,0,6,0,7,67,6,0,1,7,35,58
1,2519,1369,204188,6,0,6,0,6,78,4,0,1,4,26,69
1,2244,3069,181835,7,1,6,0,7,73,4,1,0,7,17,75
1,2449,1902,174932,3,0,4,0,8,79,5,0,2,7,24,68
2,2364,2902,127689,3,1,8,0,8,72,7,1,3,4,47,46
2,2520,3546,163493,8,0,6,0,13,66,6,2,2,13,31,54
2,2269,2241,140435,6,0,3,0,10,71,5,6,4,6,38,53
2,2286,2256,125381,16,0,14,0,7,61,1,1,1,11,21,67
2,1500,2412,82342,18,0,12,0,7,56,3,4,2,8,39,51
2,1378,2079,86431,9,0,15,0,25,37,6,8,7,11,36,46
1,2639,1386,183356,5,0,13,0,8,72,2,0,0,2,23,75
2,1253,1308,63515,7,8,14,0,29,33,4,6,13,20,29,38
2,1488,1745,92943,5,0,2,0,32,51,7,2,11,13,29,47
1,1454,1855,108038,12,0,12,0,1,70,4,1,4,4,34,57
1,913,3482,92723,7,0,37,0,7,44,3,3,2,8,11,80
1,1772,1846,131240,19,0,14,0,6,56,4,2,2,5,22,72
2,2465,621,161466,2,0,15,0,10,56,15,0,0,5,20,75
2,2290,988,151211,4,0,26,0,11,49,9,1,3,14,23,60
2,2355,1183,139039,13,3,14,0,3,52,14,0,1,5,26,68
1,2282,3671,187702,7,0,42,0,6,33,5,7,3,3,16,78
1,2738,1606,219246,4,0,22,0,2,66,5,0,0,3,21,76
2,2353,2303,130112,9,0,10,0,8,56,16,2,0,5,27,67
1,2141,2255,152615,15,0,22,0,9,50,2,0,1,10,22,67
1,1840,3592,131792,6,0,19,0,6,61,7,1,2,11,23,64
1,2290,2398,198452,5,2,44,0,1,40,6,2,0,2,8,90
1,1947,2038,173974,6,1,21,0,9,49,8,6,0,6,27,67
1,2151,2222,154097,15,1,28,0,5,48,3,0,2,4,26,68
1,2328,1465,165867,14,1,40,0,9,34,2,1,0,5,15,80
2,2166,2256,132649,10,1,21,0,17,41,7,2,2,13,24,61
1,2206,1995,148179,2,0,6,0,2,83,6,1,2,6,23,69
1,2069,1118,139115,13,0,6,0,13,64,4,0,0,7,30,63
1,2262,2458,160116,11,0,4,0,4,76,4,1,0,4,23,73
1,1991,1113,141465,6,0,9,0,12,73,0,0,7,7,19,67
1,2386,1116,166131,0,0,18,0,12,60,8,3,9,4,20,68
2,2566,1049,168825,2,0,4,0,8,85,0,2,1,6,32,61
2,1961,1267,95221,1,0,3,0,8,80,7,2,2,25,25,48
1,2417,1977,173376,10,3,36,0,14,30,6,1,3,6,14,77
1,2140,1953,158288,1,1,30,0,10,48,9,1,4,7,24,65
2,2381,1803,150344,15,0,21,0,4,49,4,6,5,7,34,54
2,2480,2062,148173,17,0,15,0,10,51,3,5,5,7,42,45
2,1007,1414,57900,28,0,10,0,8,49,3,2,2,5,57,36
1,2151,970,151474,1,0,40,0,12,44,2,0,2,8,15,76
1,1359,2593,117220,7,2,19,0,3,63,4,2,0,5,38,57
1,1112,1229,84463,15,1,6,0,8,63,6,1,1,31,32,35
2,2077,2015,125933,5,0,10,0,16,66,3,0,0,7,38,54
2,2651,1063,159988,5,0,2,0,2,87,4,1,0,3,26,71
1,2131,1696,167836,10,1,7,0,2,69,11,0,1,5,30,64
1,2231,2106,172272,9,0,4,0,20,60,6,0,3,7,22,67
2,2436,1939,145085,19,1,4,0,9,61,5,1,1,18,33,48
2,2307,893,129071,11,2,18,0,23,44,2,0,5,15,23,56
2,2169,1617,118936,13,0,5,0,7,70,4,0,1,11,28,60
2,2345,883,133369,24,1,1,0,11,49,9,5,6,9,31,55
2,2084,2271,87370,19,0,0,0,22,49,6,4,11,20,36,34
2,1875,2093,105098,19,0,3,0,3,74,2,0,1,23,35,42
2,2855,1928,169747,2,0,5,0,6,81,4,2,0,13,18,70
2,2041,642,92589,12,0,0,0,26,57,2,4,12,15,38,35
2,2393,2770,143147,11,1,8,0,18,56,5,1,3,8,47,43
2,1999,1251,85236,9,0,2,0,35,51,0,2,19,19,39,22
2,2305,2060,103927,4,0,0,0,26,58,5,6,16,17,32,35
2,1479,2011,73865,14,0,2,0,18,58,4,3,6,23,35,36
3,1725,2081,67679,15,1,0,0,33,38,10,3,19,31,27,23
3,2244,581,78526,23,0,3,0,36,28,10,1,35,35,22,8
3,1821,2483,69647,12,0,1,0,43,29,12,4,23,26,30,21
2,2318,2601,99723,21,1,2,0,15,45,9,8,7,30,28,35
3,2315,1266,75696,2,0,2,0,33,62,1,0,32,27,26,14
3,2650,798,105427,2,0,0,0,25,69,2,2,10,25,47,18
3,2460,1238,97815,8,0,3,0,29,54,2,4,11,23,37,29
3,2445,844,93727,1,1,0,0,37,56,1,3,15,39,37,9
3,2554,1812,87722,7,2,0,3,7,77,1,3,8,36,34,21
2,2427,1642,109328,3,0,0,0,19,68,5,5,7,38,40,15
2,2281,1858,107542,5,1,1,0,10,77,4,3,8,36,29,27
2,2361,1645,115743,7,0,1,0,10,66,4,12,6,23,45,26
2,2379,2013,123342,13,0,2,0,9,56,6,14,13,16,36,35
2,2692,1298,166429,4,0,12,0,8,57,18,2,13,8,22,58
2,2205,1514,104123,24,0,7,0,8,54,4,2,1,6,43,50
2,2153,1464,87514,9,0,7,0,16,64,2,2,9,15,52,24
2,2276,2070,104963,12,0,0,0,19,51,9,8,6,21,44,28
2,2357,1637,135883,14,2,1,0,9,58,12,3,1,14,35,50
2,2363,2298,120643,5,1,6,0,12,69,4,4,3,11,37,48
2,2386,1588,138191,7,1,4,0,8,74,2,4,6,17,35,43
2,2534,1586,162952,13,0,17,0,5,62,1,1,0,1,20,79
2,2427,676,128664,8,1,19,0,3,66,0,4,0,19,33,49
1,2717,1546,220788,10,0,22,0,7,58,1,3,5,6,21,68
1,2685,1022,186571,12,1,29,0,2,50,7,0,4,7,13,76
2,2715,1071,170516,6,2,29,0,15,43,5,0,11,4,20,65
2,2498,1861,153421,16,0,29,0,1,52,2,0,0,17,31,52
2,2558,1767,140726,16,1,7,0,18,48,10,0,6,6,37,52
3,2454,1177,95522,12,0,3,0,23,52,3,7,17,26,25,32
2,2557,1382,145624,6,0,45,0,7,39,4,0,6,22,19,54
2,2460,1034,137487,15,0,64,0,2,16,1,2,6,8,26,60
2,2960,1086,162233,3,0,21,0,9,66,1,0,0,6,13,81
2,2521,1695,162420,14,0,16,0,4,63,2,0,1,10,29,60
1,2202,1578,168753,11,0,14,0,7,63,2,4,5,7,20,68
2,2606,1025,143194,10,0,23,0,4,60,2,1,3,12,17,67
2,2624,1681,157409,19,1,19,0,3,51,4,2,2,9,24,64
2,2035,2151,126326,13,0,3,0,3,76,4,0,0,10,29,60
2,2533,2051,125889,32,0,14,0,9,38,4,4,4,7,25,64
2,2586,2113,165176,1,0,13,0,10,61,14,1,0,4,11,85
1,2237,2237,176679,9,0,18,0,2,70,1,0,12,5,30,53
1,2071,3077,197015,9,0,44,0,1,41,6,1,0,4,21,75
1,2285,1552,189751,3,0,35,0,3,55,3,2,0,4,14,81
1,2253,1807,207724,0,0,39,0,6,51,5,0,0,0,6,94
2,2741,1576,150567,2,1,2,0,6,84,2,4,0,7,24,69
2,2244,1451,110646,0,1,2,0,1,96,1,0,1,4,33,62
2,2717,1096,153967,11,0,32,0,10,44,1,1,0,4,18,78
2,2253,1557,115715,9,0,12,0,1,48,25,4,1,14,43,42
2,2523,1103,109456,6,0,9,0,7,65,12,2,0,4,34,63
2,2343,1156,137542,18,0,7,0,6,64,2,4,2,23,24,52
2,2374,1764,125126,8,0,6,0,7,69,9,2,3,11,32,54
2,2276,2241,111703,14,0,8,0,9,65,4,0,5,11,21,63
1,1514,2742,116269,8,0,12,0,10,65,3,2,3,11,25,61
2,1995,1959,107495,8,1,12,0,7,69,3,1,5,21,28,46
2,2368,1311,151107,8,0,22,0,15,44,6,5,4,5,25,66
1,2000,1898,171420,2,0,22,0,7,67,2,0,2,7,18,73
2,1875,1824,76259,17,0,1,0,7,68,5,2,24,11,35,30
2,1955,1214,85340,15,1,5,0,16,46,14,2,7,26,31,36
2,2190,1277,95852,14,0,8,0,23,47,6,2,6,16,42,35
2,2382,2106,136243,4,0,5,0,6,76,6,4,2,11,27,61
2,2048,2573,124088,10,1,10,1,6,57,15,1,2,7,19,72
2,2183,2349,118578,12,0,19,0,10,55,4,1,1,11,36,52
2,2276,1077,119391,8,0,17,0,19,54,3,0,1,16,32,52
2,1584,1270,73629,8,0,17,0,20,45,7,2,10,16,33,40
2,2359,1771,128349,4,1,11,0,6,74,3,0,2,9,35,55
2,2545,891,148237,3,0,8,0,2,78,8,0,2,9,21,68
2,2196,1889,109315,7,0,18,0,6,65,1,3,10,13,26,52
2,2221,1452,100317,10,1,4,0,16,65,5,1,7,7,38,48
2,2217,1294,101492,6,1,5,0,20,64,3,1,8,12,24,56
2,2309,1497,131291,7,0,18,0,5,57,12,1,3,2,23,72
2,1826,1926,112298,9,0,13,1,16,43,18,0,3,11,40,46
2,1642,2449,86014,25,0,12,0,7,50,3,4,9,15,26,50
2,2347,1444,111778,7,0,13,0,11,64,5,0,2,8,38,52
2,1994,1111,94131,4,0,14,0,13,60,4,6,3,15,29,54
2,1743,1691,90628,16,0,21,0,13,41,8,1,4,13,26,56
2,2348,2918,133697,6,2,23,0,5,57,4,3,2,3,18,77
1,1947,2385,158510,6,0,41,1,6,41,2,3,0,5,17,77
1,2317,2122,186910,3,0,59,0,3,31,2,0,1,1,7,91
2,2373,1724,156860,11,1,28,0,1,50,9,1,1,6,21,72
2,1840,1861,112729,7,0,29,0,7,53,2,0,3,13,27,58
1,2589,622,200406,5,0,17,0,5,68,2,2,1,1,11,87
1,2389,1995,207086,6,0,20,1,1,65,4,3,0,4,15,81
1,1835,1369,147136,7,1,18,0,5,64,5,1,4,5,19,71
1,2103,2241,162490,9,0,19,0,5,64,4,0,1,8,11,79
1,2847,1455,215762,7,0,20,0,2,55,16,1,1,6,18,75
2,1797,2044,108748,6,0,19,0,1,63,5,5,1,3,29,67
1,907,1612,92752,17,0,25,0,9,41,6,1,0,7,26,67
1,1305,1023,87207,4,1,48,0,4,33,8,1,3,9,16,72
1,1432,1671,142018,3,1,69,1,1,21,3,1,1,9,12,78
1,2186,1102,190031,7,0,43,0,5,39,4,1,1,4,10,85
1,2410,1448,183436,8,2,35,0,3,43,6,3,2,7,16,75
1,2355,1296,166443,9,4,42,0,1,41,1,3,1,9,23,67
1,2786,1254,193921,6,0,37,0,6,49,2,0,3,3,11,83
1,1148,1317,86592,18,0,36,0,7,29,9,1,2,6,25,68
1,1977,2076,161447,10,0,36,0,5,42,5,2,9,2,30,60
1,2446,1175,166411,4,0,15,0,4,68,8,1,1,1,18,80
1,2990,1986,253411,5,0,13,0,1,78,2,1,1,3,6,90
1,1906,922,157113,14,0,25,0,9,49,2,0,2,10,21,67
1,994,446,112228,5,0,9,1,6,69,11,0,0,0,25,75
1,944,1633,77729,16,0,11,0,9,58,4,3,0,7,27,66
1,1223,1106,107247,14,0,22,0,1,62,1,1,1,8,34,56
1,1203,1347,87137,8,0,58,0,0,27,2,4,1,11,18,70
1,1907,1845,142651,8,0,34,0,7,41,9,2,1,8,28,63
2,2307,933,135183,16,1,36,0,5,37,6,1,0,10,16,75
2,2167,1711,142082,13,0,11,0,3,66,6,0,0,16,16,68
1,2789,984,222315,1,0,23,0,11,63,2,0,0,5,16,80
1,2746,1047,183846,2,0,16,1,3,76,2,0,2,3,17,78
1,2643,821,190759,3,0,58,0,8,26,6,0,0,6,14,80
1,2607,1270,223918,2,0,56,0,2,39,1,1,0,1,8,91
2,2399,898,119382,5,0,14,0,4,75,2,1,2,4,21,73
2,2084,1627,126979,8,0,13,0,4,69,4,2,2,3,21,74
2,2025,1653,133498,5,1,9,0,8,55,12,9,0,10,30,60
1,3048,853,233162,1,1,4,0,2,91,1,0,0,9,17,74
2,1921,2131,105572,19,0,9,0,6,57,6,4,1,9,31,58
2,1887,2043,107699,18,0,26,0,3,34,12,6,0,8,23,69
2,2130,1550,134305,14,1,7,0,7,61,6,4,2,6,30,62
2,1247,2521,72346,25,0,4,0,8,32,8,24,2,17,37,44
1,2546,1122,170626,7,0,9,0,11,67,5,1,0,7,21,71
1,1707,1453,123166,10,0,14,1,5,59,8,4,2,7,30,60
1,1659,1041,112434,10,1,14,0,5,54,3,13,2,9,41,48
2,2483,967,146819,3,0,11,2,9,66,4,5,0,7,27,66
2,2094,865,123398,6,0,21,1,6,65,2,1,3,6,22,69
2,1161,1717,46720,15,0,37,0,3,14,11,20,18,16,26,40
2,2301,986,121206,12,0,8,0,3,64,12,1,0,6,16,78
2,980,1723,63244,29,0,8,0,7,32,4,20,0,10,52,39
2,1158,1626,50459,33,0,1,0,12,13,15,26,1,14,33,52
2,1380,1421,76900,21,0,6,0,9,36,12,15,1,22,24,54
1,1157,1350,81835,21,0,37,0,7,21,11,2,4,6,19,70
2,2137,2128,100347,2,0,6,0,2,82,7,0,4,7,29,59
2,2594,1481,128597,0,0,5,0,7,78,4,6,5,10,30,55
2,1301,559,84883,32,2,20,0,13,33,0,0,7,18,53,22
2,1164,758,67136,4,0,35,0,2,53,5,0,0,8,26,66
1,813,997,71090,2,0,24,0,8,58,4,3,0,9,33,58
1,907,686,107655,0,0,12,0,2,83,2,0,3,3,17,77
5,1182,280,22214,9,0,26,0,16,41,4,4,3,14,51,32
2,2248,811,133852,2,5,3,0,14,72,3,1,5,3,26,66
2,1939,1684,123591,7,2,8,0,2,76,4,1,1,6,26,67
2,2406,912,148628,0,0,12,0,5,60,21,0,0,4,18,78
1,1074,1399,77205,22,2,7,0,17,35,11,5,10,12,34,44
2,1362,1383,80537,17,1,5,0,35,35,5,2,15,12,27,45
1,1057,402,85455,38,0,11,0,1,44,3,2,0,4,26,71
1,766,1086,94837,11,0,14,0,7,46,7,14,5,8,34,53
3,1594,2051,53337,3,2,2,0,52,32,5,4,28,27,28,17
2,2250,1514,106906,7,0,10,0,15,60,4,3,4,16,28,51
2,1789,2046,79935,13,0,16,0,23,26,20,1,12,24,30,34
3,2058,1200,62250,6,1,1,0,60,24,4,4,25,18,20,37
2,1927,2077,89998,13,0,23,0,32,23,7,1,11,18,22,48
3,1876,1164,74845,5,0,0,0,53,16,22,3,41,10,37,12
2,2054,1150,92153,26,0,0,0,13,59,2,0,2,9,52,37
1,2125,858,150859,13,0,44,0,8,34,1,0,0,10,5,85
2,2087,1776,134956,11,0,36,1,4,43,5,0,1,12,20,67
2,2272,1315,133518,14,1,12,0,7,66,0,0,0,11,36,54
1,3154,997,229144,6,0,34,0,3,51,4,1,0,4,16,79
1,2080,1797,185486,8,0,3,0,5,77,5,1,5,5,10,80
1,2285,1278,218883,2,0,0,0,6,90,1,0,1,6,12,80
1,1965,1850,173094,2,1,2,0,10,78,6,1,1,10,15,74
1,2021,2111,154662,3,0,1,0,7,83,5,1,2,6,15,76
2,1429,1781,68957,19,0,6,0,29,34,3,9,22,10,19,49
2,1155,1290,68376,36,0,3,0,32,27,1,1,13,19,30,38
2,1489,954,95631,6,0,6,0,58,28,1,0,16,23,17,43
2,1304,1480,86773,7,0,11,0,18,54,6,4,3,4,25,68
1,928,2270,66352,10,0,20,0,19,32,13,7,0,10,6,84
3,2779,1541,94764,2,0,0,0,57,22,11,8,66,22,9,3
1,993,1495,83295,13,0,18,0,21,41,4,3,0,4,14,81
1,1224,1422,133245,4,0,5,0,4,81,0,6,1,15,5,78
1,1002,1511,90370,20,0,16,0,3,61,0,0,0,5,18,77
1,1391,1591,129204,1,0,15,0,7,64,11,1,3,7,17,73
1,1948,1883,174011,5,0,6,2,5,79,1,3,1,6,18,75
1,1633,1453,133998,5,0,8,0,6,78,4,0,3,2,22,74
1,1860,1624,204561,3,0,14,0,2,70,12,0,3,2,18,78
1,1398,1035,111314,19,3,5,0,16,53,3,0,0,18,12,70
2,1101,1099,45507,7,0,0,0,76,6,0,12,52,30,10,8
1,1176,1384,81135,24,0,6,0,20,47,2,1,6,12,21,61
1,1357,1832,160339,2,0,16,0,12,69,0,1,0,0,13,87
1,969,2259,139685,8,0,8,0,9,70,4,2,0,1,15,84
1,1274,1308,140182,4,0,5,0,12,76,0,3,5,5,16,73
1,935,1177,118105,4,0,1,0,7,88,0,0,0,2,13,85
2,1473,1531,88897,21,0,5,0,30,32,5,6,17,5,33,45
1,1084,1766,85248,12,2,3,0,18,36,4,25,14,13,18,55
1,1350,1604,132321,2,2,3,0,14,75,3,2,0,0,12,88
1,1126,1206,104653,15,0,8,0,27,42,5,4,10,21,25,44
1,2362,598,189300,4,0,5,0,13,73,3,2,5,10,16,69
1,2040,959,181513,1,0,4,0,12,55,13,16,8,4,13,74
1,1945,1955,155481,5,0,6,0,11,74,3,1,2,4,19,76
1,2237,1351,203066,1,1,3,0,5,88,2,1,1,3,25,71
1,1439,2026,107554,14,0,5,0,28,44,6,3,9,9,25,57
2,2588,493,138347,1,0,1,0,35,50,3,11,20,13,17,51
4,2534,740,63103,0,2,0,0,84,6,1,7,47,29,12,12
2,1651,1575,104883,3,1,3,0,20,63,8,0,10,6,27,57
2,1657,1296,93991,25,0,2,0,21,48,1,4,10,17,21,52
2,1380,1741,83426,15,1,5,0,37,35,3,3,17,17,28,38
2,1403,1295,56997,12,0,2,0,47,26,4,9,36,19,27,18
2,985,1073,45923,17,0,6,0,33,34,2,7,25,15,23,36
2,1467,1365,68215,16,0,7,0,35,34,8,0,13,21,25,41
2,1008,1176,59079,40,1,2,0,9,37,9,2,18,10,33,39
1,1490,1488,144284,14,0,10,0,8,64,2,0,0,7,16,77
1,1194,2227,141636,4,0,12,0,12,63,6,2,0,0,9,91
1,1144,1842,147224,7,1,8,0,8,72,2,1,1,2,11,86
1,964,1696,97238,8,0,3,0,4,81,2,1,3,6,5,86
1,894,2121,118960,5,0,11,0,6,74,1,3,0,1,8,90
1,1058,2540,154950,3,0,7,0,10,75,3,3,0,5,16,79
1,944,2875,123246,16,0,5,0,11,64,4,0,0,3,14,83
1,1077,1498,76323,34,1,4,0,18,31,8,3,1,17,29,53
4,1851,1148,52274,4,0,0,0,82,7,1,5,65,16,18,1
1,957,1822,138821,23,2,8,0,6,54,6,1,2,9,29,60
1,1100,1627,101722,15,1,10,0,17,54,3,1,8,3,22,68
3,2402,960,74179,5,0,4,0,63,18,1,9,42,27,16,16
4,2094,1815,58366,19,0,0,0,55,6,10,10,39,26,27,8
5,2038,2035,39541,67,0,2,0,29,1,1,1,29,36,31,5
1,1038,797,131036,10,1,2,0,8,76,2,2,0,7,26,68
1,975,1721,99058,19,1,3,0,10,56,7,4,0,3,22,75
5,2228,1090,43045,55,0,0,0,31,13,1,0,34,35,27,4
2,1995,1719,119895,4,0,1,0,41,41,8,5,9,21,21,49
2,1944,909,114243,1,2,5,0,43,42,3,4,22,7,16,55
2,1379,1821,78159,24,2,2,0,34,24,8,7,19,11,19,51
1,2233,1705,160587,10,0,1,0,17,65,5,2,5,10,19,65
2,2206,1828,93552,6,0,0,0,55,17,16,6,26,20,18,36
2,1795,916,106391,16,2,0,0,24,44,7,5,13,10,18,60
3,1879,833,64148,2,2,0,0,66,14,11,4,54,25,11,10
3,1707,836,53817,5,2,0,0,77,3,8,4,55,27,8,10
4,2107,1177,50782,4,5,0,0,60,7,10,15,57,24,14,5
3,2316,802,72700,1,1,0,0,77,8,10,3,30,38,20,13
2,2301,1440,97791,7,3,0,0,61,21,4,4,30,8,34,28
4,2248,2273,58009,1,0,1,0,67,12,12,7,42,25,22,12
4,2293,1777,61896,24,0,2,0,54,7,6,7,36,30,10,25
4,2294,1438,54258,50,0,0,0,36,4,6,5,21,24,35,21
4,2280,1813,51155,16,0,0,0,74,1,4,5,46,32,20,3
5,1934,1958,40134,55,0,1,0,35,3,0,6,27,34,31,8
5,2221,1920,43847,56,0,0,0,31,1,10,2,26,34,31,9
5,1920,1660,41994,66,0,0,0,18,4,7,5,16,44,23,17
4,2388,1173,54541,5,0,0,0,82,2,1,10,46,35,12,7
4,1461,2124,35769,52,1,3,0,18,14,7,5,11,35,35,19
3,2116,1574,61420,45,0,0,1,32,10,2,11,26,28,27,19
3,1977,2318,61869,38,0,1,0,38,11,8,4,21,40,23,16
4,2468,1851,67426,8,1,0,0,68,5,6,12,40,18,20,22
3,2278,1530,73928,5,0,0,0,55,17,4,18,52,10,10,28
3,2479,884,71558,1,0,0,0,65,10,12,12,31,33,21,15
3,2126,1481,65939,0,0,0,0,78,4,11,7,55,30,10,5
3,2304,1558,72865,0,0,0,0,78,4,4,13,55,18,22,5
4,2554,1064,64656,0,1,0,0,73,7,14,5,48,32,14,6
4,2104,1508,50261,1,0,0,0,71,2,3,23,62,26,7,5
4,2077,761,49243,0,1,0,0,76,5,12,6,48,34,15,3
2,1571,2039,70569,7,0,1,0,57,15,11,9,32,20,23,25
3,1699,1320,67451,8,1,0,0,63,15,8,6,31,45,13,11
1,2229,1113,179432,1,0,4,0,9,85,1,0,0,0,10,90
2,1970,2493,98697,25,1,4,0,24,41,5,0,13,19,25,44
3,1208,1217,44134,9,0,0,0,58,22,1,10,37,28,32,3
3,1278,1455,44781,9,0,0,0,47,17,3,23,66,21,11,2
3,1207,1666,45711,3,0,0,0,62,12,2,20,49,37,10,4
2,967,1064,41355,1,0,0,0,46,22,4,26,72,22,3,3
1,3119,684,299820,1,0,0,0,3,94,2,0,0,2,15,83
1,2758,1664,224137,3,0,1,0,15,78,3,0,7,6,19,68
1,2948,786,218720,1,0,7,0,8,80,4,0,3,13,13,71
1,4053,1062,360583,0,0,6,0,2,87,3,0,1,2,3,95
1,3032,792,244589,0,0,6,0,3,87,3,0,1,3,19,78
1,1888,1286,165547,0,0,8,0,5,86,0,0,0,4,12,84
1,2881,1570,206636,0,0,2,0,5,88,5,0,4,2,16,77
2,2442,1353,160530,3,0,3,0,4,88,2,1,2,5,38,55
2,1910,1358,93862,21,0,0,1,11,56,0,12,8,26,21,45
2,1681,1631,111835,18,0,10,0,15,50,4,3,7,24,16,53
2,1876,1914,110529,29,0,7,0,5,46,9,4,8,21,24,47
1,2768,1103,208528,5,1,6,0,4,83,1,1,0,2,10,88
3,1255,1930,43620,33,0,33,0,13,10,3,7,39,18,31,12
3,1226,1227,45376,28,0,7,0,20,23,2,20,14,27,31,28
3,1162,1626,45301,24,0,12,0,26,13,6,19,21,36,27,16
1,1052,1038,97239,24,0,3,0,12,47,4,9,1,8,24,67
1,967,900,74100,24,0,6,0,28,26,6,10,8,13,24,54
1,2666,772,189905,1,0,2,0,2,84,11,0,1,12,16,71
2,1681,2571,84711,25,1,3,0,18,39,3,10,5,38,32,25
1,934,879,79228,26,0,5,0,22,36,6,6,1,5,31,63
2,1207,1453,53792,33,0,0,1,19,29,5,12,5,22,36,37
2,1284,2456,63667,60,0,6,0,6,18,8,2,3,9,45,43
3,2231,998,68664,68,0,2,0,14,4,4,7,4,16,47,33
3,1065,1106,37366,12,0,3,0,31,23,4,27,21,36,19,25
3,1057,1213,41056,47,1,4,0,22,14,3,9,16,40,27,17
3,1224,1230,39341,11,0,30,0,27,14,4,13,47,23,12,18
3,1142,1093,38439,34,0,0,0,14,11,31,11,32,30,21,17
3,1140,1520,45552,58,3,0,2,13,22,2,0,16,34,30,19
2,1351,1550,56704,43,0,0,0,21,31,3,3,17,15,42,25
1,1968,2542,133583,5,0,3,0,5,82,1,3,1,11,25,62
1,1903,997,159049,4,0,2,0,7,82,5,0,2,3,22,73
1,2805,989,238586,1,1,1,0,0,97,1,0,2,7,11,80
1,1068,1428,74576,15,0,31,0,6,34,3,10,2,7,18,73
1,967,2003,67254,13,0,14,0,6,49,17,0,0,1,11,87
1,1085,1126,77798,13,0,13,0,3,57,5,9,0,4,29,66
1,1123,1821,106737,11,0,4,0,6,68,8,2,1,8,14,78
1,1030,1859,80322,13,0,19,0,6,60,1,0,8,10,27,56
1,1027,1085,76872,3,0,13,0,10,61,6,6,0,12,14,74
1,983,829,93913,4,0,20,0,7,64,4,1,0,0,14,86
1,2594,2650,252623,1,1,5,0,5,87,1,0,0,1,5,95
2,1125,1207,73778,5,0,2,0,20,66,4,3,0,18,31,51
1,2433,1818,192589,8,0,0,0,9,72,10,0,0,6,17,77
2,2028,1472,126098,10,0,5,0,25,55,3,1,11,10,20,59
4,2194,1673,54497,1,0,0,0,57,12,23,6,44,24,21,11
5,2350,1184,47078,9,0,0,0,79,10,1,1,30,50,16,4
4,2230,1197,58112,15,0,0,0,57,16,11,1,45,29,15,11
7,2163,1160,32176,66,0,0,0,19,2,12,1,26,40,29,5
6,1728,2016,29198,79,0,0,0,9,1,4,7,30,45,18,6
6,2219,1020,38325,48,0,0,0,34,7,11,0,31,41,20,8
8,1924,1691,25476,79,0,0,0,16,1,0,4,27,54,14,6
5,2281,510,46555,55,0,0,0,13,2,0,30,34,23,31,12
5,2056,1151,42599,74,1,0,0,14,2,3,6,17,36,31,16
6,2107,1762,38183,69,1,0,0,15,1,0,13,38,37,21,3
3,1971,1695,58329,20,0,0,0,44,8,22,5,27,46,24,3
4,1993,1388,45401,14,0,1,0,56,10,12,6,38,39,21,1
4,2101,1951,56363,19,0,0,0,47,12,17,5,23,39,24,14
4,2010,1033,47473,25,1,0,0,62,5,4,3,43,34,18,5
3,2299,1037,66712,17,0,0,0,58,6,14,4,41,31,17,11
5,2090,1050,45497,19,0,0,0,61,9,5,5,38,35,26,1
4,2277,1587,50847,14,0,0,0,71,3,9,4,59,25,13,2
4,2241,1170,63334,5,2,0,0,62,7,22,2,36,41,12,11
5,2126,815,45594,18,0,1,0,60,15,0,6,33,52,7,9
4,2305,1315,59933,12,0,0,0,70,3,11,4,48,27,22,3
5,2512,993,50183,16,0,0,0,72,1,6,5,44,37,12,7
6,1895,2543,30993,62,0,0,0,23,2,13,1,36,35,27,1
2,2370,1416,112707,4,1,2,0,25,51,7,10,24,16,23,37
1,2934,1125,230818,1,0,2,0,10,81,4,0,1,15,11,72
1,3079,835,236597,4,0,3,0,9,77,5,1,2,4,12,82
1,2635,2015,201758,4,0,5,0,5,71,10,5,1,7,13,78
2,2081,2272,121565,18,0,1,0,17,61,1,3,9,22,25,44
2,1868,1070,78740,10,0,3,0,43,20,14,10,28,28,25,19
2,2695,1234,168833,2,0,2,0,25,62,7,3,16,14,19,50
2,2673,1105,171348,3,0,2,0,18,70,6,1,6,8,18,67
1,3226,1269,237624,2,0,8,0,5,80,4,1,2,4,19,75
3,1286,1256,50684,1,1,0,0,54,24,0,20,63,18,10,9
2,2574,1327,128390,3,0,3,0,42,40,2,10,29,18,27,25
2,2466,1520,120786,4,3,2,0,32,35,4,21,46,13,12,30
2,2781,1216,184423,0,0,3,0,13,76,3,4,10,5,25,60
4,2080,1862,51818,1,0,1,0,43,22,21,12,53,25,16,6
2,2189,724,97254,6,0,1,0,42,35,5,11,25,20,29,26
3,1163,2343,45520,1,0,1,0,54,27,2,15,67,23,8,2
1,1127,2706,86411,22,0,30,0,16,15,12,4,6,12,16,66
4,1569,941,39096,45,0,10,0,14,24,8,1,6,35,51,8
1,917,1991,100317,19,1,4,0,10,56,7,3,2,2,24,72
4,1983,1279,51583,41,0,0,0,40,7,2,9,52,32,12,4
4,2280,886,60023,4,2,0,0,63,5,22,4,68,16,12,4
4,2140,839,56572,22,1,0,0,66,6,5,0,42,40,16,2
3,2325,1484,69469,2,0,0,0,61,9,18,10,53,26,10,10
4,1721,828,46515,35,0,2,0,38,12,7,5,37,30,25,8
3,1510,1838,58686,11,1,1,0,64,4,6,15,29,33,15,23
4,1787,1770,46028,31,0,2,0,45,4,11,9,31,34,27,8
5,1755,1631,37433,41,0,0,0,50,2,0,7,39,31,25,5
3,1772,1650,61792,26,0,1,0,49,5,3,15,29,28,34,10
3,2549,1393,98115,27,0,1,0,23,23,6,21,13,17,24,46
3,1965,1355,60267,39,0,0,0,31,8,0,21,21,36,19,24
4,1847,1225,48498,16,0,0,0,74,8,1,0,43,17,34,6
3,2075,1869,60128,21,0,1,0,63,10,1,3,42,21,18,19
3,1410,1867,40415,63,0,0,0,17,4,14,3,6,33,56,5
3,1302,1769,38785,68,0,1,0,19,3,6,3,14,33,42,12
6,1488,1460,26705,95,0,0,0,1,1,3,0,8,54,37,1
3,1939,1504,63406,67,0,2,0,18,1,4,8,23,17,36,24
4,2595,1447,69831,69,0,0,0,19,6,4,1,4,28,32,36
4,2470,1873,62705,67,0,0,0,14,12,0,7,7,22,37,34
4,1781,1083,43901,58,0,0,0,11,10,0,21,13,31,43,13
3,2449,1669,95680,74,0,0,0,8,13,0,6,6,15,50,29
5,2493,1210,48980,37,0,1,0,42,12,2,6,34,30,29,7
6,2366,1586,39569,57,0,0,0,28,2,1,11,27,49,21,3
4,1839,1744,49238,58,0,0,0,26,0,8,7,20,56,17,7
4,1887,1472,48609,71,0,0,0,14,7,2,6,8,25,37,30
4,2111,1041,54551,62,0,0,0,27,3,3,6,13,33,24,30
4,2180,2030,59293,83,0,0,0,9,1,2,4,6,35,33,25
5,1971,1809,38756,78,0,0,0,7,3,9,2,25,36,34,6
4,1550,1396,43882,31,0,0,0,41,6,16,6,55,21,20,4
6,2114,1365,37804,46,3,0,0,40,3,0,8,34,37,27,2
4,2488,843,62606,10,0,3,0,54,9,19,5,43,31,22,3
3,2311,1012,69603,25,0,0,0,45,12,6,11,20,26,33,21
5,2215,2051,41224,20,0,0,0,54,8,7,12,41,28,27,4
4,2287,1563,56235,5,0,6,0,52,11,18,8,44,31,17,8
5,2089,1440,44767,33,0,0,0,46,9,11,1,43,18,34,6
4,2459,1092,63536,2,0,1,0,84,2,4,8,65,12,17,6
4,2298,1137,51427,24,1,0,0,55,10,0,9,33,40,23,4
3,2381,1217,68477,33,0,0,0,55,5,1,6,31,37,19,14
4,1688,3147,45118,34,0,1,0,45,4,10,6,27,36,29,8
5,1695,914,36110,60,0,0,0,33,8,0,0,24,34,42,0
4,2183,903,58153,39,2,2,0,45,4,2,6,22,31,37,10
2,2251,1966,92814,50,0,1,0,25,16,6,2,13,16,27,45
3,1654,2688,57802,50,1,1,0,32,9,5,2,18,21,48,14
4,1098,1093,30838,36,2,0,0,49,4,6,2,33,35,27,5
2,1878,1074,105616,22,0,2,0,18,53,4,1,13,16,27,45
2,1287,2100,52275,47,0,2,0,25,20,2,4,14,29,38,19
3,1382,1998,44960,38,0,5,0,33,11,7,6,20,37,32,11
3,1875,1703,73496,10,0,0,0,41,19,30,0,39,22,17,22
2,2180,970,105933,4,0,0,0,32,61,1,1,7,21,17,55
3,1978,1588,74062,14,0,1,0,52,18,10,5,39,28,23,10
4,1608,2778,43642,35,0,3,0,38,12,9,3,26,28,34,11
3,2096,2235,83358,2,0,0,0,33,53,4,8,19,17,34,30
3,2180,1082,68383,0,0,3,0,54,17,17,8,21,37,26,16
3,2207,1141,69701,5,0,0,0,67,23,1,4,30,25,27,18
3,1821,1854,65694,8,1,6,0,34,12,15,23,30,41,19,10
3,2251,592,87509,4,0,1,0,35,28,9,23,30,14,32,23
2,1281,2707,59480,30,0,2,0,32,21,10,4,21,32,35,12
4,1983,1941,49944,9,1,2,0,35,26,13,13,34,35,17,14
3,2055,1034,62465,6,0,0,0,50,29,9,5,19,29,32,21
2,2343,1077,118892,0,0,1,0,43,48,6,1,26,9,15,50
2,2096,2192,128424,4,0,0,0,36,55,3,3,7,15,13,65
2,2119,2060,139246,2,0,1,0,15,64,16,2,5,6,27,63
2,2259,1715,133816,2,0,7,0,5,81,4,1,1,5,19,76
2,2368,1352,124968,13,0,15,0,18,40,8,5,19,15,17,49
2,2175,1253,139032,11,0,12,0,9,60,3,5,7,18,17,58
2,2152,1665,127881,29,0,2,0,9,48,3,8,9,11,24,57
2,1214,2493,49147,34,0,3,0,32,18,7,7,13,34,26,27
3,1182,1792,42278,33,0,3,0,34,11,2,18,26,34,30,10
2,2180,1147,135570,3,0,0,0,14,77,5,0,6,1,33,60
1,2592,1586,179862,3,0,0,0,1,95,0,1,0,10,15,75
1,2876,1190,230519,0,0,2,0,7,90,1,0,2,3,24,71
1,2719,893,201576,2,0,1,0,2,91,4,0,4,2,13,82
1,1295,939,138049,10,0,2,0,4,81,1,2,2,4,16,79
2,1498,967,75419,14,0,10,0,13,54,3,7,1,10,43,46
2,957,2891,52178,29,0,3,0,15,44,7,2,5,10,37,49
1,2907,1108,197325,4,0,0,0,5,72,16,2,0,3,20,77
2,1555,2979,95546,26,1,4,0,11,50,2,6,0,12,32,56
1,3666,694,330875,0,3,7,0,2,86,1,0,0,2,12,86
1,3323,661,269126,2,0,13,0,3,80,2,1,5,5,8,83
1,3337,900,299907,0,0,4,0,2,88,5,0,0,0,5,95
1,2631,1871,178294,1,0,3,0,3,85,3,6,1,4,19,76
2,2029,2543,120636,9,0,4,0,3,56,9,20,5,17,22,56
2,2264,1442,148275,4,0,2,0,6,71,4,14,5,7,21,67
1,2778,908,188743,2,0,5,0,4,86,1,2,0,6,23,71
2,1966,1137,127160,10,0,1,0,8,39,3,39,18,9,26,48
1,2216,1609,148166,3,0,2,0,10,41,10,34,12,13,21,54
1,2050,1305,156524,7,0,7,0,1,73,10,1,1,14,20,64
2,1358,2412,57897,32,0,0,0,7,13,4,44,16,37,23,24
1,2302,1203,157477,9,0,5,0,7,68,8,3,3,6,27,65
2,2087,1145,137628,5,0,13,0,5,54,7,16,6,10,19,65
1,2554,1870,175847,3,3,9,0,4,76,4,2,0,6,18,76
1,1071,3989,89398,31,0,8,0,6,44,6,5,1,8,24,68
2,1271,2228,62550,29,0,4,0,3,35,8,20,5,11,31,53
1,1296,1732,86695,17,0,3,0,5,51,9,15,4,8,44,45
1,1220,2492,89814,25,0,14,1,8,30,7,16,3,10,27,59
2,1316,1403,66635,33,1,7,1,11,15,8,24,4,16,45,34
2,1096,1511,71753,17,1,7,0,4,20,16,34,21,9,19,52
2,1290,752,65841,21,2,1,0,20,37,8,10,0,5,46,49
1,1041,3208,93731,9,1,10,0,13,49,6,11,3,7,24,65
2,1209,1122,50404,7,0,0,0,43,16,2,32,35,15,27,23
2,1152,1495,63027,24,0,8,0,3,26,3,36,5,21,21,52
3,1277,729,44434,27,0,7,0,4,10,6,46,26,16,47,10
2,2204,776,90631,2,0,3,0,45,19,20,11,36,26,22,16
2,2171,1838,119442,11,0,10,0,33,39,2,5,15,22,23,40
2,1781,983,71922,2,1,7,0,65,16,2,6,39,28,20,13
3,1593,1339,60794,13,1,1,0,70,12,2,3,33,35,17,15
2,1702,2081,86467,14,1,40,0,11,31,3,1,10,31,29,30
2,1825,2227,84348,7,0,10,0,47,25,7,4,18,23,30,29
2,2435,2390,144335,8,0,9,0,15,59,7,3,4,14,29,53
2,1329,2364,83410,25,0,7,0,28,31,6,2,5,18,29,47
2,1313,2191,57807,28,0,3,0,26,39,1,3,9,16,41,35
1,1620,1323,108561,5,0,13,0,22,44,10,6,3,4,27,66
2,1639,1759,96442,24,1,9,0,10,40,13,3,1,14,35,51
3,1793,1791,67870,5,0,3,0,61,16,5,10,29,32,21,17
2,1730,2510,69783,4,0,2,0,59,16,9,10,33,18,17,31
2,2176,1359,99868,5,1,4,0,24,47,11,10,12,13,27,48
1,1049,1970,85837,18,0,10,0,11,37,9,16,7,6,39,48
1,1160,2415,95755,14,0,21,0,10,35,11,9,0,5,24,70
2,2324,1249,120517,0,0,2,0,33,61,3,1,16,22,12,50
2,2018,1606,117374,3,1,6,0,20,55,11,4,9,4,33,54
3,2061,1358,69764,2,0,1,0,66,15,5,11,41,36,18,5
2,2133,1632,93329,3,1,2,0,50,36,4,5,14,24,37,24
2,1869,2040,111443,5,0,10,0,27,54,2,3,6,9,31,54
1,1297,353,118776,15,0,23,0,0,53,8,0,0,4,8,88
2,2429,1569,150085,4,0,13,0,15,60,7,1,0,6,27,67
2,2669,1738,177269,0,0,19,2,9,65,4,0,2,7,22,69
2,1565,2572,99480,8,0,26,0,17,42,5,3,4,10,28,57
1,2750,1997,190202,1,0,31,0,8,56,3,0,0,6,16,77
1,2543,1327,190470,11,0,25,0,14,45,4,1,1,6,19,74
1,2569,2451,185980,1,0,25,0,15,53,4,2,5,7,16,72
2,1923,1507,126871,4,6,57,0,4,24,5,0,0,7,15,77
2,1938,1505,116224,9,3,52,1,9,20,4,1,1,15,17,67
2,1789,1025,107682,33,0,33,0,5,21,4,4,7,13,20,59
1,2483,1457,172843,2,1,41,1,10,41,4,0,0,8,15,76
1,2120,1816,146946,13,2,22,0,11,49,3,0,1,10,23,67
1,1435,1732,129340,11,0,57,0,7,23,1,1,0,5,16,79
2,1255,1153,72613,53,4,2,1,5,14,10,11,3,28,35,35
2,1466,1289,83869,40,0,30,0,12,17,0,2,0,26,42,33
2,1506,991,98159,23,1,25,0,11,33,5,1,0,16,25,59
2,1488,944,60642,21,0,19,0,25,30,5,1,11,4,37,47
1,1682,1632,162993,5,0,44,0,2,40,4,5,0,0,13,87
1,1299,2471,106747,15,0,49,0,14,19,2,1,1,0,13,85
2,1200,650,60577,47,0,15,0,11,20,7,0,6,15,44,34
2,1180,865,65052,19,0,56,0,10,8,1,7,13,19,28,40
2,1209,915,51206,56,0,6,0,4,16,6,13,5,13,49,32
2,1390,1094,73980,10,0,51,0,8,29,2,1,8,16,24,52
1,1348,1808,104884,15,0,63,0,3,13,5,1,1,9,21,70
1,2298,414,179842,25,0,65,0,3,8,0,0,0,0,28,72
1,1375,1347,120884,13,0,62,0,5,10,4,7,1,1,13,85
1,1159,1657,79954,25,0,50,0,9,12,4,1,4,7,15,74
3,1972,1309,62027,20,0,4,0,23,16,23,13,43,16,18,23
2,2128,1014,91073,23,0,31,0,18,12,10,6,13,24,32,32
1,1560,2071,119396,16,0,60,0,6,16,1,1,0,4,13,82
1,2342,1277,173898,0,0,76,0,2,18,2,1,0,6,8,87
1,1095,938,78681,6,0,44,0,9,39,1,0,0,10,12,78
3,1273,1138,48455,48,2,13,0,16,11,7,4,8,26,41,24
1,1964,478,223720,0,0,89,0,8,3,0,0,0,0,0,100
2,1537,1082,98729,32,0,38,0,8,17,4,1,0,5,46,48
2,1172,1765,52348,60,0,8,0,14,8,7,3,6,17,37,40
2,2123,984,105379,2,0,4,0,39,38,3,13,21,9,38,32
2,1538,647,79950,3,1,21,0,22,36,4,12,16,26,28,31
2,2705,636,178581,2,0,19,0,13,61,5,0,0,4,20,76
1,1136,946,122011,35,0,8,0,9,44,3,1,0,3,30,67
1,1124,1077,83968,26,0,7,0,27,40,0,1,1,17,23,60
1,1110,1728,119858,33,0,14,0,9,39,2,2,0,0,27,73
3,2140,1786,74633,6,0,5,0,42,18,5,24,32,22,32,14
3,1434,1460,52423,16,1,4,0,45,14,7,14,25,24,27,24
3,1285,1790,46125,20,0,13,0,37,9,5,16,27,30,26,17
2,1609,1805,87542,33,1,11,0,18,26,6,6,12,18,30,39
1,1570,966,122765,21,0,36,0,11,27,1,3,1,6,16,76
2,1903,998,119570,15,0,18,0,13,48,5,0,18,10,14,59
2,1965,813,88995,14,0,1,0,38,25,4,17,17,38,28,16
3,2221,1215,73123,0,1,21,0,24,20,7,28,29,24,35,12
2,1379,888,87615,17,0,4,0,42,30,6,1,16,2,23,59
2,2135,790,94983,19,0,5,0,37,35,2,2,6,13,26,55
1,1247,975,83365,16,0,52,0,14,14,1,2,5,8,31,57
1,1392,997,101186,8,0,73,1,7,5,6,0,0,5,25,70
3,1660,1305,61229,5,0,5,0,24,22,1,43,32,33,23,12
3,1834,1396,72345,1,0,1,0,35,25,8,30,31,18,31,19
3,1422,1847,51043,17,0,10,0,23,9,5,36,26,30,23,21
2,1812,1471,79387,16,2,12,0,9,19,7,35,23,19,26,33
2,1293,1082,55067,31,0,9,0,10,9,13,28,26,21,33,20
2,1161,1010,55718,27,0,11,0,25,20,5,12,2,24,51,23
2,2231,1208,111216,2,0,3,0,27,30,17,21,27,8,42,23
3,1773,1346,68382,3,1,2,0,40,12,12,29,47,16,21,16
3,1914,586,65916,14,2,1,0,35,24,11,14,22,24,33,21
3,1834,1334,59897,0,1,2,0,42,12,18,25,50,21,20,8
3,1970,492,69690,3,5,1,0,56,13,1,22,52,23,13,13
3,1623,1482,50970,3,0,3,0,60,11,6,17,35,37,16,12
3,1751,1684,56679,1,0,2,0,46,18,2,31,42,31,16,11
3,1819,1161,64828,6,1,4,0,39,13,1,38,43,29,15,13
3,2352,1394,73496,4,0,0,0,32,20,14,30,39,14,33,14
3,2173,755,78633,8,0,6,0,29,23,1,32,32,18,17,33
3,2157,1112,79136,1,3,7,0,8,18,24,38,32,26,16,26
3,1805,741,58633,6,0,4,0,49,11,21,9,42,28,20,11
2,1746,960,76344,6,0,0,0,28,14,12,40,49,15,19,17
3,1754,1044,50648,4,0,0,0,50,14,9,22,44,30,12,14
2,2063,1303,84183,4,0,3,0,34,24,16,19,32,25,25,18
2,2226,1116,92532,10,1,5,1,41,28,6,7,15,20,31,35
3,2112,1331,64232,6,0,2,0,25,21,10,35,45,20,22,13
4,2003,434,53664,1,0,0,0,45,20,3,30,42,26,25,6
3,2252,1228,65295,3,0,4,0,43,11,19,21,34,38,19,10
3,2188,1241,84882,11,0,3,0,35,22,0,28,28,17,33,22
2,2012,1926,92226,12,0,19,0,14,27,21,7,19,29,30,23
2,1351,1385,57988,22,0,0,0,41,18,11,7,17,54,19,10
3,1810,1493,53079,17,0,0,0,48,18,6,11,29,42,16,14
2,1831,1092,83702,14,0,4,0,29,36,3,13,4,15,55,26
2,1711,1542,94334,8,0,3,0,29,51,4,5,4,15,44,38
2,1808,1286,86161,12,0,3,0,27,29,3,25,13,26,44,17
3,2184,1651,66110,4,1,0,0,65,8,5,17,46,27,22,5
3,2326,736,72742,0,1,4,0,57,9,9,21,39,34,23,5
4,1947,1343,48019,8,0,2,0,48,19,11,13,26,39,23,12
5,2178,1350,48051,6,3,0,0,50,14,1,27,46,37,12,5
4,1769,987,47645,5,0,0,0,48,29,5,13,39,40,16,6
4,1656,1749,45314,30,0,0,0,30,17,7,16,19,42,29,11
3,2190,1189,67846,19,0,1,0,43,18,10,9,15,39,34,11
3,1099,903,34509,7,0,1,0,76,15,0,0,33,63,3,2
4,2082,1443,55578,4,0,2,0,42,16,31,4,51,28,12,9
3,2183,2146,79887,11,0,7,0,44,9,15,14,28,26,26,20
4,2127,570,53745,2,0,1,0,59,10,2,26,36,50,8,6
3,2103,1452,73019,12,0,4,0,37,12,8,25,26,35,19,20
3,1948,2110,68008,15,0,1,0,46,13,14,11,26,33,34,7
2,2482,1238,131253,22,0,12,0,18,32,11,4,4,20,30,46
3,2353,1731,91632,39,0,9,0,16,26,2,8,5,23,30,43
2,2459,1802,123873,23,1,13,0,18,24,18,2,3,7,34,56
2,1639,886,101181,46,0,3,0,3,44,3,1,0,1,56,42
2,2595,1515,127661,19,0,5,0,26,30,8,13,5,13,34,48
3,2844,947,81967,32,0,14,0,31,12,8,3,11,25,19,45
3,2324,1777,91281,17,1,8,1,40,23,5,5,9,29,43,19
2,2088,1594,83936,32,0,8,0,21,14,7,18,5,34,33,28
3,2254,1456,80792,20,1,13,0,37,21,2,6,14,21,46,19
2,2467,1064,99584,10,1,2,0,31,22,19,15,10,20,37,33
3,1975,1202,60143,14,0,3,0,48,25,1,8,25,28,33,13
3,2355,1524,75073,61,0,3,0,9,14,2,11,11,28,41,20
2,2635,1928,120359,37,0,1,0,12,37,6,6,5,12,24,59
4,1848,1940,50039,23,0,1,0,36,24,2,13,20,31,37,11
3,1988,1619,59073,39,1,1,0,25,17,2,15,20,26,39,15
3,1893,1968,55811,37,0,4,0,27,18,3,10,9,45,33,14
3,2215,743,77307,10,3,0,0,37,38,5,6,8,20,37,34
2,1745,1886,76525,41,0,4,0,20,29,3,3,11,19,41,29
3,2025,1831,74081,30,0,1,0,29,33,5,2,4,21,45,30
2,2672,935,124365,24,0,5,2,15,44,9,2,11,8,29,53
2,3348,674,155683,45,0,17,0,9,20,7,1,1,2,39,58
3,2062,1456,74398,61,0,1,0,18,7,1,13,12,15,31,42
3,2277,1618,77130,38,0,15,0,14,18,0,15,0,32,40,28
3,2128,1871,77022,53,0,5,0,13,10,5,15,5,16,45,35
3,2398,1114,75218,46,0,7,0,12,12,1,21,15,18,30,37
3,2246,1243,79345,35,0,7,0,23,22,5,8,9,14,44,33
3,2235,1024,86882,38,0,1,0,33,17,6,5,10,34,30,27
2,2227,721,99108,25,4,0,0,6,49,0,16,6,25,22,47
2,1803,1122,73364,18,0,2,0,50,9,0,21,47,13,24,16
3,1867,906,62193,37,0,3,0,42,8,0,11,24,41,18,17
3,1999,1351,76463,19,0,0,0,13,43,5,20,13,27,31,29
5,2340,767,45748,12,0,0,0,61,18,5,5,43,15,35,8
4,1188,1925,32217,90,0,0,0,7,1,1,1,11,35,46,8
3,1906,1775,62200,84,1,1,0,4,6,2,2,6,19,57,17
3,2264,1271,87040,62,0,5,0,17,8,6,1,11,11,43,35
3,2429,1791,93359,56,0,1,0,23,9,7,4,10,16,43,31
2,2770,1543,113744,65,0,2,0,7,18,5,4,9,7,41,43
3,2227,1625,74727,62,0,0,0,15,14,3,4,5,22,47,26
4,1874,1323,49995,64,0,0,0,24,10,0,2,2,28,47,24
3,2515,1949,96971,58,0,2,0,10,18,2,10,7,11,45,37
3,2214,1952,88323,58,0,0,0,11,7,6,18,20,11,42,27
3,2703,1133,80376,50,0,0,0,20,21,8,1,7,21,58,14
2,2305,2139,97784,66,0,1,0,10,11,6,6,7,23,23,48
3,2123,1104,83860,78,1,0,0,2,15,2,2,4,27,37,33
3,2021,1517,65022,53,0,1,0,21,14,5,5,10,25,40,25
3,2742,632,90598,58,0,0,0,27,5,10,0,17,33,31,19
3,2198,1746,75693,70,0,0,0,9,10,9,2,2,23,42,33
2,2289,929,91879,61,0,0,0,19,13,3,4,5,26,41,28
2,2484,1933,111586,75,0,0,0,9,7,4,5,4,11,37,48
2,2549,1586,120059,84,0,2,0,0,8,5,2,4,15,38,42
3,2460,978,81679,46,0,0,0,14,16,1,23,0,24,40,37
3,2541,2162,93222,84,0,0,1,9,4,1,1,5,19,56,21
5,2208,1213,43335,16,2,0,0,37,11,29,6,53,24,13,9
4,1360,1614,30796,94,0,2,0,2,2,0,0,13,36,39,12
3,2009,1036,76047,34,0,5,0,16,31,11,2,18,33,31,17
3,2345,987,92336,62,0,0,0,25,4,6,3,9,28,28,35
2,1577,849,66212,64,0,0,0,11,16,5,5,6,12,35,46
4,2287,1541,55887,65,0,1,0,11,18,3,3,9,38,31,22
4,2043,854,50581,58,0,0,0,20,5,3,14,27,33,26,14
3,2035,1900,61774,86,1,1,0,3,6,0,2,2,18,63,18
2,2432,1863,99649,83,0,1,0,11,4,2,0,3,19,38,40
5,1811,1263,36162,59,0,0,0,19,17,2,3,32,18,39,11
4,2164,1666,58153,61,0,0,0,12,6,4,17,25,32,32,11
5,2150,817,42308,70,0,0,0,22,1,1,6,22,27,49,1
3,2505,1387,87722,53,0,0,0,31,13,3,1,11,20,37,32
4,1892,2064,47582,63,0,1,0,5,24,5,2,6,22,43,29
3,1927,1632,70321,85,0,3,0,4,7,1,0,0,14,32,55
3,2513,1631,91369,86,0,0,0,6,3,3,3,5,22,50,23
4,2059,997,48306,36,0,0,0,30,19,12,3,33,35,24,8
4,2046,1983,53857,30,0,0,0,33,25,2,10,29,18,43,10
3,2023,1232,71920,8,0,0,0,51,24,4,12,32,31,30,6
3,2121,1166,73999,8,1,0,0,32,53,4,2,25,36,28,10
4,2106,1542,56952,10,0,0,0,52,16,4,18,24,40,30,6
3,2080,1881,79161,27,0,1,0,27,32,7,6,18,33,36,13
5,1838,1297,38716,1,0,0,0,62,19,6,12,38,28,33,1
3,1982,1446,61025,13,2,0,0,52,18,9,6,30,30,30,10
4,2193,1967,56034,17,0,1,0,32,20,24,6,33,34,25,8
3,2033,1829,63656,19,0,0,0,52,12,5,11,37,27,22,14
4,1907,1486,52906,20,0,0,0,44,19,11,6,45,26,25,4
3,1885,1613,70571,38,0,2,0,40,19,2,1,17,39,35,8
3,2357,1059,74236,25,0,0,0,53,11,1,9,17,37,41,5
2,2743,1054,110737,26,1,13,0,31,26,3,0,9,29,37,25
3,2723,1399,95984,33,0,7,0,25,26,5,4,8,16,47,28
3,2500,824,94309,22,3,2,0,41,24,3,5,19,19,54,9
3,2784,1093,108619,48,0,0,0,21,27,1,4,17,12,44,26
3,2431,1065,77052,27,0,2,0,28,32,3,8,19,27,31,23
3,2570,1329,79928,31,7,2,0,25,35,0,0,18,30,44,8
2,2487,977,104433,53,0,4,0,13,18,8,4,8,15,42,36
3,2438,2298,86470,27,1,1,0,32,16,16,7,15,23,33,29
3,2293,1652,75605,31,1,0,0,30,25,7,7,21,36,34,9
4,2218,1674,62695,16,0,1,0,33,39,3,8,16,38,32,14
3,2380,1265,85733,14,0,2,0,25,45,11,1,9,34,27,30
4,2256,1156,62574,27,1,0,0,41,19,7,5,25,28,32,14
4,2278,893,61011,13,0,0,0,27,26,19,14,35,24,38,2
4,2217,1119,58636,30,0,0,0,44,8,16,2,37,27,32,4
4,2301,1389,64743,19,5,0,0,49,14,4,8,36,21,34,9
4,2020,1865,47266,32,0,4,0,20,18,21,4,28,32,27,12
4,1970,1983,54396,24,0,2,0,39,24,10,1,16,36,37,11
3,1529,1318,47624,34,0,10,0,23,19,4,10,12,33,43,12
3,2295,1602,78482,27,0,3,0,23,30,9,7,21,32,24,23
4,1948,1792,54773,27,6,0,0,34,26,4,3,31,14,41,13
3,1901,1535,64494,13,1,0,0,47,17,12,11,29,29,26,15
2,1881,1468,84023,13,0,8,0,28,38,5,9,8,18,41,33
2,2207,1638,90883,18,1,10,0,14,50,2,5,9,25,35,32
3,2165,747,85562,11,0,4,0,22,47,3,11,8,20,43,28
2,2216,1670,91142,25,0,17,0,20,30,2,5,8,24,36,33
3,1635,990,47607,19,0,3,0,9,30,35,5,18,32,32,19
3,1986,1415,57138,17,0,0,0,45,12,22,4,15,24,35,26
3,1509,1261,60033,29,0,6,0,24,33,4,3,4,48,26,21
3,1799,1212,67728,20,0,10,0,42,20,2,6,19,39,31,10
2,1082,1113,45347,41,1,1,0,22,19,6,8,11,29,31,30
2,2451,1300,100801,20,0,0,1,38,23,3,14,19,36,26,19
4,2232,1366,60601,17,1,4,0,45,17,4,12,19,35,37,10
3,2097,2208,74892,13,0,1,0,38,35,7,6,19,25,36,20
3,2123,1007,74292,25,0,1,0,39,18,8,10,24,24,38,14
2,1823,1589,78637,10,1,1,0,52,15,13,7,42,30,24,4
2,1807,2152,92858,8,1,10,0,3,67,3,8,4,10,41,45
3,2075,1963,78470,27,1,1,0,28,25,13,6,18,21,38,22
2,1997,1554,102993,22,0,18,0,22,29,7,3,8,20,38,34
3,1771,1480,68471,13,0,7,0,33,23,15,8,11,31,35,24
3,2095,2173,82254,16,1,0,0,38,30,6,8,22,28,27,23
3,2050,829,70445,11,1,4,0,49,27,3,6,24,38,24,14
3,1731,1873,68284,30,2,3,0,32,19,10,5,17,20,41,22
2,1730,1745,70011,18,0,1,0,21,39,18,3,20,24,25,31
3,1513,1709,50483,49,0,1,0,14,23,3,11,8,40,34,18
2,1930,1890,88905,16,0,9,0,16,34,17,7,12,22,42,24
2,2238,1329,100953,27,4,4,0,8,50,1,6,6,22,35,38
2,2314,1943,102376,14,1,2,0,10,62,6,5,4,17,42,37
2,2429,1544,104940,11,0,7,0,20,55,7,0,3,25,42,30
2,2006,1452,98907,18,2,12,0,6,42,4,16,4,21,43,32
2,1272,1899,55210,35,0,12,0,8,32,8,5,7,23,45,25
2,2480,2103,120264,20,0,12,0,22,36,8,2,8,15,36,41
2,1112,1609,47066,26,0,0,0,21,41,6,5,12,31,33,24
2,2086,1187,91857,15,0,16,0,17,39,7,6,10,19,46,26
2,2536,2007,139347,24,0,10,0,12,48,6,0,0,20,32,48
2,2543,1300,126875,22,0,5,0,15,52,6,0,9,21,33,38
2,2563,1599,131807,5,0,5,0,17,67,6,0,0,20,26,54
2,2540,1235,141480,23,0,8,0,9,59,1,0,0,15,35,50
2,2658,1422,121769,10,1,13,0,32,21,19,3,32,7,26,36
2,1924,1439,78282,28,0,17,0,33,17,4,0,19,17,35,29
2,2527,1233,125736,23,0,5,0,4,43,21,4,3,2,47,48
2,2692,1429,115765,22,0,9,0,25,36,2,6,0,11,54,34
2,2100,967,98408,18,1,18,0,14,32,2,15,3,15,38,43
2,1742,2019,88062,12,0,15,0,31,38,3,0,9,18,49,23
2,2476,2451,133219,9,0,34,0,14,38,4,1,10,10,47,33
2,2552,1984,108037,11,0,7,0,16,57,5,4,22,17,25,35
2,2359,1416,147166,3,4,20,0,4,65,1,2,0,16,39,45
2,2228,2074,108287,31,0,5,0,6,45,12,0,11,20,33,36
3,2699,1348,104017,34,0,13,0,14,29,9,1,4,12,50,34
2,2375,1387,110882,28,0,5,0,11,35,6,14,3,28,38,32
2,2644,1228,150180,5,1,19,0,11,59,4,1,7,19,23,51
2,2021,1742,83877,20,0,12,0,36,12,10,10,27,23,26,25
3,1956,1248,60592,10,0,1,0,53,3,27,6,36,34,22,8
3,1751,1256,65020,12,1,8,0,45,17,9,9,30,26,27,17
4,2162,1109,53423,8,4,0,0,58,10,12,9,39,31,22,7
3,2001,2101,70363,2,0,3,0,51,24,7,14,33,25,34,8
2,1797,1472,83443,11,0,1,0,43,28,11,5,21,29,26,24
2,2174,1327,92697,7,1,2,0,37,38,11,4,21,11,35,33
2,1123,580,51149,24,1,0,0,35,20,2,20,17,33,40,10
3,2141,1271,67732,5,0,2,0,51,16,16,10,19,45,27,9
3,1187,1814,39253,56,0,2,0,25,8,4,4,14,23,48,15
3,1096,1503,40243,73,0,2,0,8,13,1,3,9,34,27,30
3,1178,2154,46539,67,0,4,0,9,13,6,1,17,16,48,19
2,1168,760,53014,39,0,1,0,14,27,20,0,6,43,23,28
3,2062,1342,80419,7,3,0,0,45,35,3,6,11,32,27,30
3,1961,1930,56084,3,0,0,0,53,15,10,19,38,22,30,10
3,2136,1397,72472,7,1,5,0,47,21,4,15,34,29,18,19
2,1164,643,60425,14,0,3,0,32,43,6,2,10,15,45,29
3,2063,1751,70358,13,0,21,0,35,23,6,2,26,13,42,18
3,967,1468,34400,18,0,6,0,57,4,1,14,51,25,19,5
2,1398,1157,60125,29,0,16,0,21,31,2,0,18,15,20,48
2,1832,2125,76608,33,1,26,0,12,17,5,7,20,14,36,30
2,1538,2574,62870,50,0,11,0,19,13,2,4,23,20,34,23
2,1669,2400,76951,21,0,17,0,14,26,17,5,4,23,37,36
2,2145,2213,116067,4,0,13,0,9,65,4,5,3,10,27,60
3,2437,1514,94608,13,0,19,0,19,40,5,4,18,11,34,37
2,2208,1428,110766,11,0,23,0,14,39,7,5,10,17,35,38
2,1932,1937,82386,9,1,24,0,14,45,6,1,13,14,38,36
2,1598,2434,77738,18,1,31,0,9,28,12,1,10,24,28,38
3,2069,1045,76124,17,0,20,0,33,25,2,2,20,18,33,29
3,2021,1986,74338,14,0,29,0,18,20,8,10,9,19,43,29
2,2039,1949,105708,2,0,16,0,17,58,5,1,9,5,38,47
3,2036,1046,77754,5,1,19,0,44,10,14,9,35,21,32,12
3,2018,1170,64311,5,0,9,0,57,16,6,5,42,20,16,22
3,1377,1926,53362,44,0,14,0,18,19,5,2,8,29,35,28
3,1344,2382,49165,46,0,7,0,22,12,7,6,19,23,26,32
2,2466,1100,137415,2,0,8,0,3,84,2,0,0,2,25,73
2,2430,1209,115062,11,0,12,0,10,63,2,1,3,19,27,51
2,2297,2342,128949,9,0,9,0,28,50,4,0,16,11,35,39
2,1557,3094,81145,45,0,24,0,6,18,7,1,3,15,31,51
2,2335,1102,116636,14,0,14,0,6,61,1,5,4,12,34,50
2,1619,2217,98872,20,0,16,0,16,45,2,1,5,11,32,53
3,2062,1059,78380,4,0,17,0,41,23,5,10,35,16,28,21
3,1797,917,70936,19,0,18,0,29,24,3,7,8,21,49,23
3,2300,896,80827,20,3,21,0,29,14,5,8,36,15,26,22
2,1686,1221,76285,11,0,27,0,38,24,1,0,27,30,27,16
2,1997,1252,89717,5,0,5,0,29,29,27,5,19,40,15,27
3,1867,1208,60646,23,1,5,0,21,26,21,2,19,26,37,19
1,2307,1134,166951,9,0,25,0,4,53,5,4,3,12,5,80
2,2302,1724,149541,9,0,9,0,9,67,5,0,5,11,30,54
1,1097,337,86809,14,0,15,0,25,37,9,0,0,11,30,59
1,1010,772,86460,25,0,14,0,4,48,2,6,2,9,17,73
1,1133,701,80485,22,4,25,0,7,41,1,0,2,9,16,72
2,2284,1828,117615,10,0,16,0,14,52,4,4,6,17,45,32
2,1959,2078,88466,20,1,3,0,22,36,6,12,8,17,35,40
2,2297,1679,143484,1,3,1,0,9,83,3,1,4,4,19,72
2,2479,1727,161997,10,0,7,0,1,81,0,1,0,2,13,85
3,1492,2227,55465,16,0,3,0,7,14,7,52,23,30,25,22
1,2642,1725,178345,2,0,2,0,4,85,6,0,1,2,11,86
2,2037,2406,82733,15,0,6,0,15,55,7,2,8,13,44,34
3,1363,1087,44883,7,0,0,0,12,1,3,77,66,19,10,6
4,1356,1546,37541,22,0,4,0,7,14,2,52,18,24,37,21
3,1746,1514,69607,9,0,1,0,38,18,9,25,32,17,32,19
2,2362,996,116101,5,0,2,0,10,79,2,3,3,21,19,57
2,2171,1723,93787,1,1,8,0,15,68,4,3,10,8,26,56
1,4070,1019,355290,0,0,3,1,2,88,5,1,0,3,5,92
1,3540,955,273479,8,0,8,0,10,69,3,0,0,6,15,79
1,3086,1614,273417,0,0,10,1,1,79,7,2,1,7,8,84
1,3945,2378,338793,0,0,4,0,2,91,3,0,0,2,1,97
1,3273,1627,320598,0,1,3,0,2,93,0,1,0,3,4,93
1,3269,867,262191,1,0,9,0,1,87,3,0,0,0,19,81
1,3799,647,346709,0,0,5,0,2,81,9,3,0,0,9,91
1,3410,1884,287380,0,0,5,0,2,92,0,0,0,0,13,87
3,2212,1160,73414,2,1,0,0,73,8,9,7,37,31,22,11
1,2303,1756,180599,7,0,43,0,8,37,4,1,1,11,10,78
3,2377,735,81669,4,0,2,0,51,23,7,14,29,30,23,18
6,2241,1587,38746,91,0,0,0,6,2,0,1,17,42,34,7
3,1652,1098,49767,76,0,0,0,10,12,0,0,25,25,36,14
2,1140,1032,75318,28,0,1,0,9,51,3,7,4,4,45,47
1,1083,2552,98232,27,0,2,0,16,47,5,4,4,6,14,75
4,1504,2086,36139,51,0,7,0,22,5,14,1,38,22,29,10
1,3754,856,322308,0,0,9,0,2,83,4,1,0,1,11,88
2,1911,2547,118799,3,0,7,0,16,69,5,0,5,15,30,50
5,2091,2521,39720,74,0,0,0,19,2,1,4,22,39,26,13
4,2009,1011,46644,78,0,0,0,6,10,0,7,19,35,36,10
5,2158,1866,41680,41,0,0,0,42,3,7,7,33,29,29,9
7,2263,1793,31383,61,0,0,0,33,3,1,3,22,46,16,15
4,2133,1486,59244,8,0,1,0,62,8,9,12,35,35,20,10
6,854,807,13145,4,1,41,0,14,28,10,1,2,25,46,27
1,2396,2027,200375,7,0,19,0,5,64,6,0,1,5,16,79
1,2578,1759,191174,16,0,15,0,7,53,8,2,3,6,18,73
1,2633,1133,202500,14,0,7,0,6,64,8,1,2,3,20,75
2,2275,1135,137725,15,0,13,1,12,56,3,0,2,9,33,56
2,2043,2348,109854,8,0,2,0,17,61,5,6,6,18,45,31
2,1976,2041,97176,3,1,0,0,5,87,4,0,3,24,36,37
2,2145,760,93660,4,1,1,0,2,92,1,0,9,16,30,45
3,2038,1754,77651,4,1,0,0,22,65,6,3,16,21,37,26
2,2188,1494,96119,28,0,3,1,18,47,2,1,8,12,46,34
2,2212,2253,130245,20,0,3,0,18,44,11,3,2,10,38,50
2,2021,1594,113046,6,0,0,0,14,78,1,1,4,16,45,36
2,2047,1232,99404,12,1,1,0,10,70,2,4,6,20,31,44
2,1874,1306,88269,19,0,2,0,16,56,3,3,0,9,45,45
1,1923,922,158673,9,4,0,0,17,69,1,0,2,2,18,77
1,2065,2158,143521,15,0,1,0,11,63,10,0,3,9,31,57
2,2021,1334,105691,12,0,3,0,25,52,8,0,7,6,59,29
2,1855,2797,114794,17,0,17,0,20,37,6,3,3,19,43,35
1,1976,2173,157574,13,1,16,0,7,56,6,1,1,6,24,69
2,2289,787,105896,0,0,0,4,20,69,1,6,18,14,43,25
2,2106,440,130234,0,0,7,0,11,70,6,6,0,24,30,46
2,2134,2326,134505,17,0,1,0,10,59,6,8,1,13,42,44
2,2299,1859,148304,26,0,18,0,1,51,4,1,0,25,16,59
2,2234,2471,139998,14,1,8,0,6,51,14,6,6,27,19,48
1,2266,1439,204206,22,1,25,0,18,21,12,1,13,0,9,77
1,1804,2115,128226,24,0,6,0,12,55,2,1,1,15,31,53
2,2085,727,132320,20,0,4,0,7,64,5,0,0,12,25,63
2,2019,815,109528,20,0,0,0,3,62,14,0,0,19,38,43
4,3130,2018,85643,4,0,1,0,17,71,6,1,8,30,38,24
2,2120,1844,103726,9,0,3,0,8,76,1,4,16,18,32,35
2,2167,710,119350,0,0,0,0,17,79,3,1,12,18,32,39
2,1997,877,87549,0,1,0,0,10,87,3,0,12,25,39,24
2,2052,1272,116317,0,0,1,0,11,81,7,1,5,22,24,49
2,1927,957,85220,6,0,0,0,17,72,4,1,10,22,27,41
2,2601,2248,172171,0,0,1,0,1,93,2,2,0,6,32,62
2,1810,2154,112338,1,1,1,0,1,95,0,0,2,12,25,60
1,1347,1351,92324,7,0,14,0,10,62,5,2,3,23,30,44
1,1856,1695,127844,2,1,7,0,7,74,5,4,0,12,31,57
2,1981,1618,108241,1,1,0,0,6,87,2,3,11,22,38,29
2,1959,2787,112940,4,0,2,0,9,74,10,1,4,14,35,47
2,2556,1308,153192,1,0,1,0,27,60,5,6,6,23,30,41
1,2814,1186,197176,0,0,0,0,2,95,2,0,0,4,28,67
1,2316,1169,177304,3,0,4,0,5,85,3,1,3,8,26,63
2,2407,1741,152101,2,0,2,0,8,84,4,0,4,13,30,53
2,1987,1709,107655,5,3,0,0,17,68,2,6,8,13,41,38
2,1934,1825,124233,6,4,2,0,11,57,15,6,3,12,42,43
1,2621,1922,212761,5,0,7,0,5,70,14,0,1,7,29,64
1,2330,2262,174947,1,0,3,0,9,73,10,4,6,12,32,49
2,2327,2424,93933,5,1,1,0,7,78,6,3,3,6,43,49
3,2327,1414,67363,2,0,2,0,10,82,3,2,5,13,27,55
2,1657,1731,70521,3,7,4,0,18,56,11,1,6,21,44,29
2,1830,1406,97744,1,0,2,0,13,79,5,2,6,29,31,34
3,2006,1099,73652,13,1,0,0,23,46,8,8,18,22,20,40
2,2509,2849,122563,3,0,2,0,6,79,5,5,4,8,21,66
2,2088,536,105675,2,0,1,0,26,66,4,1,9,21,29,40
3,2017,1257,61553,1,1,1,0,30,58,4,5,9,14,39,38
2,1647,1253,69472,8,0,5,0,15,60,11,1,6,39,23,32
3,1395,1457,43260,20,0,5,0,25,41,6,2,9,17,26,48
4,2538,959,61330,5,1,0,0,45,33,10,5,14,20,35,31
3,2085,1306,69624,8,1,2,0,31,45,6,7,11,14,47,28
4,2176,993,60265,26,0,3,0,13,46,7,5,2,17,53,27
3,1219,1702,39901,11,0,8,0,12,62,4,2,2,23,39,37
3,1806,1958,55201,16,1,2,1,22,44,14,1,14,17,47,22
3,1100,1114,33938,21,0,10,0,18,42,5,4,5,19,49,27
4,1653,1075,39213,7,1,13,2,19,49,8,2,6,12,41,41
3,1051,1874,36824,5,0,10,0,16,67,1,0,7,4,45,44
3,2249,1226,74425,31,1,2,0,18,36,5,6,10,34,27,28
3,1266,1248,42108,26,0,2,1,11,38,18,3,5,19,41,35
3,1117,1355,41152,28,0,1,0,17,48,5,1,7,20,54,19
3,1014,1593,35619,22,1,11,0,15,47,2,2,4,14,49,33
2,1964,2403,101715,14,0,5,0,4,65,7,5,2,17,29,53
2,2283,1497,111236,6,1,3,0,11,68,11,1,1,11,33,55
2,2200,1261,100720,3,0,7,1,6,59,22,2,2,26,30,42
2,2350,1593,128206,12,0,2,0,12,65,9,0,4,9,37,50
1,2103,1598,159177,5,0,8,0,2,80,5,1,0,6,43,51
2,1797,2810,76401,3,1,1,0,32,52,8,4,5,29,38,28
2,2199,1731,139284,7,0,2,0,5,77,2,5,3,13,37,47
2,2315,980,127712,1,0,1,0,5,87,5,1,2,25,32,41
2,2014,1202,80727,1,9,1,0,46,28,7,9,20,26,30,25
1,1859,2606,133261,4,2,5,0,22,56,7,4,5,11,30,54
2,2377,1317,117800,8,1,4,0,15,50,15,8,12,25,34,29
2,2404,836,150324,5,1,12,0,20,58,4,0,0,15,30,55
2,2529,1728,132200,7,0,1,0,8,80,5,0,2,18,28,52
2,2120,1583,97581,7,0,1,0,14,66,6,5,7,19,31,43
2,2353,1114,115552,6,0,0,0,14,77,3,0,0,15,34,50
2,2117,1223,110581,8,0,4,0,6,71,11,0,21,19,28,33
2,2244,1385,113683,0,0,6,0,9,74,4,7,5,10,31,54
2,2138,1115,104428,6,0,4,0,13,64,7,6,14,9,33,44
2,1732,1699,76842,13,0,1,0,25,39,11,11,17,25,30,28
2,2123,2147,114500,8,1,12,0,11,61,6,2,0,18,44,38
1,2793,1631,212318,3,0,4,0,5,82,4,2,2,3,20,75
2,2351,1321,144141,1,0,1,0,2,93,1,1,1,13,28,58
1,2378,1358,159662,2,1,3,0,6,85,2,1,0,8,25,67
2,2229,2564,141956,12,0,3,0,17,58,5,6,4,23,45,28
1,1245,1748,85468,23,1,18,0,19,29,6,4,4,16,32,47
1,2496,1005,168375,9,1,5,0,15,58,10,2,1,18,32,50
2,2003,1403,101687,17,0,2,0,16,50,7,9,13,23,37,27
2,2157,1405,102597,7,0,2,0,25,55,3,7,8,18,51,23
1,1849,1358,164788,16,0,33,0,8,35,6,1,1,6,19,74
1,2245,2268,164334,4,1,10,0,7,70,7,1,4,7,22,67
1,2635,749,192797,0,0,10,0,5,77,4,3,2,4,21,73
1,2275,1373,183019,6,1,16,0,8,58,7,4,4,6,25,65
2,1798,1159,108964,7,1,4,0,9,48,14,18,0,31,33,35
2,2086,1735,137314,12,0,15,0,8,60,5,0,6,18,25,52
2,1665,1955,96004,16,0,15,0,13,42,12,2,3,14,34,50
2,2089,1923,132575,12,0,16,1,9,51,7,4,5,14,34,48
1,2416,1490,216129,19,0,17,0,7,52,5,0,0,8,10,82
2,1749,2125,83572,2,0,0,0,4,92,2,0,1,18,29,52
2,1579,2149,98606,12,0,22,1,9,50,4,2,0,13,23,63
1,1781,1608,131783,10,1,11,0,16,57,4,2,2,6,42,51
1,2041,1702,175376,8,0,23,0,16,46,7,0,0,15,9,76
1,2553,2137,221568,4,0,37,0,8,51,0,0,3,7,13,77
1,2350,1485,194836,5,1,30,0,9,43,6,5,3,8,15,74
2,1934,1575,114593,12,0,18,0,16,42,7,4,4,19,28,49
2,1846,1323,98013,5,0,14,0,19,50,4,7,4,14,27,56
2,1549,1915,70191,14,1,18,0,24,21,16,6,10,27,34,29
2,1961,1351,95508,4,0,9,0,28,37,17,4,19,19,38,24
2,1964,1513,93298,3,1,4,0,43,37,7,5,11,16,25,48
2,1485,2170,76298,24,0,4,0,21,39,9,3,3,18,40,39
3,2078,1567,75174,7,0,0,0,32,49,6,6,31,22,22,26
2,1699,1079,71549,3,0,3,0,39,16,34,4,12,39,24,25
2,1179,1360,73982,28,0,6,1,16,38,10,1,3,16,38,43
2,2421,1287,151549,7,0,20,0,16,54,3,0,5,8,26,61
2,2305,2228,149320,6,1,26,0,13,48,5,0,4,8,35,53
1,2773,948,224847,7,1,18,0,5,68,2,0,1,2,11,86
2,2002,1756,115391,14,1,15,0,16,48,6,1,4,14,26,56
2,2600,2043,154652,10,0,16,1,11,49,10,4,1,13,20,65
2,2017,1441,126793,15,0,9,0,7,65,3,1,2,12,35,52
2,2264,1700,134488,3,1,10,0,10,64,11,2,3,13,41,44
2,1016,3062,52492,34,6,2,0,11,39,5,2,4,23,35,38
3,1499,2615,59551,43,0,6,0,12,30,5,4,2,16,42,40
2,1458,2130,63019,37,1,5,0,19,32,5,1,8,26,36,31
2,1461,1751,65519,20,0,18,0,18,31,8,5,4,25,41,30
2,2309,1098,133923,5,1,12,0,10,64,7,2,6,28,24,41
2,1734,935,93677,9,0,15,0,25,46,3,2,3,7,29,61
2,1067,2679,64197,24,1,10,0,13,40,11,2,0,11,39,51
2,1097,2178,65889,31,0,7,0,11,40,9,2,1,15,48,36
1,2328,1623,181475,13,0,32,1,5,45,4,1,7,4,19,70
1,2267,662,190973,7,0,20,0,3,64,6,0,3,12,26,58
5,1789,356,37237,0,0,0,0,76,20,0,4,49,19,29,3
2,1508,2759,95615,21,0,21,0,11,43,2,2,1,13,31,55
1,948,2757,76430,6,0,5,0,8,70,10,0,0,14,28,58
1,1932,1671,138663,4,1,3,0,1,88,3,0,3,5,19,73
2,1976,1284,120566,12,0,43,0,6,35,3,1,1,14,29,56
2,1760,1670,114584,9,1,54,0,3,28,3,0,3,18,24,55
1,1757,1717,159685,16,0,23,0,9,49,4,0,0,4,21,76
1,2766,986,218551,4,0,31,0,5,59,1,0,0,4,20,77
1,1349,673,127866,0,2,46,0,15,35,3,0,4,4,35,57
1,2004,1076,166515,1,0,66,0,9,24,0,0,0,5,28,67
1,959,1165,90965,6,0,12,0,4,78,0,0,1,8,13,78
2,2133,1686,111004,12,0,14,0,13,54,5,1,2,17,40,42
2,1738,2075,87199,11,0,17,1,19,45,5,3,1,22,41,35
2,2035,1956,81596,7,0,4,0,20,59,3,6,15,26,22,38
1,2403,1771,174262,6,1,4,0,7,78,3,1,0,16,32,52
1,2806,1029,216580,4,0,22,0,4,62,6,2,1,1,23,75
2,2329,1532,124973,9,0,9,0,9,63,7,1,4,7,33,57
2,2126,1557,119032,7,1,2,0,10,71,4,6,0,16,34,50
2,2220,515,111426,9,0,8,0,15,49,9,9,3,16,30,51
1,2657,1305,188188,6,0,11,0,2,76,4,1,1,8,26,66
2,2354,1604,143471,5,1,10,0,9,72,4,1,2,7,20,72
2,2501,1164,166191,3,1,5,0,6,82,3,0,0,3,29,68
1,2577,1518,181708,6,0,22,0,6,60,4,1,0,7,27,66
2,1231,1536,64693,13,0,6,0,27,45,2,9,7,27,36,31
2,2579,1151,139480,4,1,6,0,8,77,3,1,1,18,24,57
2,2303,1095,129179,6,0,9,0,6,74,4,1,4,15,25,56
2,2385,1137,129775,16,0,13,0,12,55,2,1,5,9,30,56
2,1707,822,83334,21,0,23,0,16,27,10,4,5,17,35,43
2,1716,1047,83748,21,1,11,2,14,40,4,8,8,15,39,37
2,1295,1622,56843,26,0,5,0,21,35,5,8,3,27,39,31
2,1338,1678,72466,25,1,5,0,11,37,8,13,2,10,47,41
2,1393,1031,76505,31,1,13,0,9,36,9,1,2,9,30,59
2,1731,2011,109883,19,0,17,0,18,37,7,1,3,9,35,54
2,1424,1504,87885,22,0,18,0,4,44,8,4,3,11,40,46
3,1396,1413,48053,8,0,9,0,46,24,5,7,19,27,28,26
2,1574,2077,64970,14,0,11,0,17,40,15,4,14,20,30,36
2,2060,654,100293,23,0,14,0,11,39,7,5,9,19,30,42
2,2127,2540,98248,4,0,12,0,19,49,12,3,17,14,22,47
3,1742,1326,67362,15,0,10,0,23,42,5,5,19,27,31,24
3,1832,1021,64940,0,11,12,0,39,23,14,1,27,25,26,22
2,1927,1505,78173,6,0,7,0,49,25,7,7,24,29,29,19
1,2491,1365,177413,3,0,3,0,14,76,4,1,3,10,19,68
2,2444,1392,159095,0,1,5,0,6,85,3,0,5,8,33,54
1,2913,1166,229560,4,0,3,0,5,82,6,1,1,4,18,77
1,2721,1476,204836,2,0,16,0,6,68,7,1,2,6,20,72
1,3155,1404,231383,9,0,22,0,3,65,1,0,0,0,12,88
1,2775,1651,203053,2,1,18,0,5,69,2,3,0,5,19,76
1,2977,1335,232838,4,0,1,0,9,81,3,1,2,5,16,77
1,2589,2509,207541,0,0,6,0,4,84,4,2,0,3,20,77
1,2120,1572,174068,2,0,17,0,6,72,4,0,4,14,17,64
1,2572,1156,176455,4,0,8,0,6,75,4,1,2,13,20,65
1,2401,1317,173313,2,0,11,0,6,81,1,0,0,2,35,64
1,1191,837,98121,2,0,6,0,11,77,4,0,0,25,11,63
1,2095,1684,179065,4,0,9,0,4,79,3,0,2,5,29,64
1,2552,1576,203289,4,0,18,0,3,71,4,0,1,6,24,69
3,2413,1630,93722,8,1,0,0,27,48,11,6,21,23,34,22
3,2297,1292,67433,10,0,0,0,36,29,24,2,23,39,27,11
3,2387,1124,93306,1,2,0,0,43,43,7,5,26,23,36,16
3,2404,939,73834,6,13,0,0,31,47,2,2,26,37,31,6
2,1919,2167,77812,23,0,0,0,20,42,7,6,16,32,39,13
3,2338,2140,87412,10,0,4,0,16,53,8,10,7,26,30,37
2,2456,1604,133762,9,0,3,0,10,75,2,1,5,11,33,51
2,2438,1177,111753,10,0,0,0,3,81,2,3,11,20,31,38
2,2075,2284,98479,2,1,1,0,21,69,2,3,11,20,25,44
2,2401,1172,124686,18,0,2,0,10,58,12,1,3,20,39,38
2,2262,2291,109375,27,3,0,0,17,45,7,1,3,27,27,42
2,2207,2510,110900,6,0,3,0,14,73,3,1,5,24,36,35
2,2447,896,115314,12,1,0,0,19,60,4,6,10,28,34,27
2,2384,1544,112895,7,1,0,0,17,66,3,6,10,25,34,30
3,2338,1256,89487,8,0,0,0,14,70,5,4,7,11,50,32
2,2460,2260,147320,9,0,0,0,7,79,5,0,4,16,35,46
3,2311,1292,80489,5,0,2,0,34,48,5,6,11,33,38,18
3,1883,1710,55632,50,0,0,0,12,31,2,5,16,23,42,19
4,1961,952,55432,15,0,0,0,7,49,22,6,14,24,43,19
2,1739,2070,77207,6,0,0,0,24,66,4,1,11,26,43,21
2,1886,1404,78062,9,1,0,0,18,62,2,7,12,22,45,21
2,2237,1704,106530,7,0,1,0,17,66,7,2,3,21,45,31
2,2019,1702,82995,13,1,1,0,14,56,8,7,8,29,41,22
2,2339,2966,133276,10,0,1,0,3,79,7,0,3,16,34,47
2,2246,2593,114101,4,0,2,0,5,83,6,0,4,24,38,34
3,2251,536,82816,2,1,1,0,23,61,8,3,15,33,33,19
2,2470,2436,116249,5,1,1,0,8,79,6,1,7,27,40,26
3,2288,1827,73657,12,1,0,0,12,64,5,6,11,35,39,14
3,2405,1650,93287,0,0,1,1,18,70,6,4,17,30,34,19
3,2412,704,85041,7,6,0,1,18,53,5,11,23,30,35,12
2,2634,1072,114047,1,0,0,0,20,66,6,8,15,26,36,24
2,2210,835,107837,24,0,1,0,15,59,0,0,1,21,46,31
3,2309,1879,91559,4,0,0,0,31,52,7,6,15,24,30,31
3,2144,1883,66263,13,0,0,0,30,26,19,11,27,28,31,14
3,2064,2107,71821,20,0,0,0,47,29,1,3,27,33,33,8
2,2349,1791,97315,0,0,0,0,28,69,1,2,14,41,25,20
3,2247,930,70671,7,0,8,0,5,73,2,6,6,28,40,26
4,2570,851,72244,8,0,0,0,1,90,0,1,15,35,30,20
3,2590,1439,82469,2,2,0,0,9,80,3,5,9,32,40,19
3,2346,1739,90107,7,1,0,0,14,61,6,11,14,31,27,28
3,2152,1453,70589,26,1,1,0,4,63,2,3,11,27,32,30
4,1862,1176,42973,21,5,5,0,9,46,6,9,11,17,41,31
3,2550,2030,81582,1,0,1,0,4,87,2,4,9,32,34,25
5,1943,1327,39031,25,0,0,0,14,22,2,37,30,33,31,6
4,1649,2104,37085,13,0,2,0,6,38,9,31,21,34,36,9
3,2078,1851,60920,20,1,0,0,4,64,1,10,9,40,25,26
2,2447,1525,111471,1,1,4,0,8,83,0,3,7,23,28,42
2,2565,1055,104059,3,0,0,0,4,85,8,0,2,26,40,31
2,1920,2112,90017,7,1,1,0,7,76,7,2,8,31,32,29
3,1925,2709,71052,8,2,2,0,6,76,3,3,9,33,34,24
3,2352,1841,81615,10,2,0,0,8,72,2,5,8,32,39,20
3,2665,1347,102446,1,0,1,0,6,83,4,5,8,33,37,22
2,2713,1134,117791,0,0,1,0,11,79,1,8,7,29,41,23
2,2621,1718,111138,1,1,1,0,12,78,3,5,9,32,32,26
3,2292,1782,72194,1,2,1,0,7,83,4,1,16,38,28,18
4,2109,2376,59062,0,0,0,0,13,75,3,7,22,32,25,20
3,2122,1097,61237,0,1,0,0,6,88,4,1,16,29,38,16
2,1601,2002,85722,7,1,0,0,8,81,3,0,6,42,34,18
2,1783,1746,78259,1,0,0,0,9,85,3,2,4,40,31,25
2,1886,1965,94845,0,0,1,0,8,88,2,1,13,28,41,18
2,2029,2032,103184,0,1,1,0,10,85,1,2,9,32,33,26
3,1877,1725,69841,4,1,1,0,19,68,6,0,21,48,24,8
3,1538,1441,59279,1,1,0,0,26,68,4,0,24,37,31,7
3,1911,2318,73481,1,0,0,0,13,79,6,0,10,27,39,25
2,1866,2107,108072,6,0,1,0,12,69,11,1,5,21,37,38
2,1764,1629,100080,4,0,4,0,8,84,1,0,3,23,47,27
2,1949,1057,87441,2,0,1,0,7,89,0,0,5,34,40,21
2,1819,1270,72864,0,0,0,0,17,78,5,0,6,43,32,19
2,1980,1104,96567,7,0,0,0,5,87,2,0,2,32,49,17
2,1952,2090,107716,3,0,1,0,21,72,3,0,7,12,38,43
2,1900,1081,96994,5,0,0,1,6,69,18,1,1,26,41,32
2,1740,1223,73487,6,0,1,0,5,81,5,2,4,30,47,20
2,1286,1984,56989,8,0,3,0,22,62,4,1,12,36,38,14
3,1790,1600,56956,2,0,3,7,26,55,4,2,20,32,25,23
2,1813,1713,74245,2,0,1,0,25,69,1,1,7,34,33,27
2,2078,2149,107862,7,0,2,0,14,72,1,4,11,17,35,37
2,2030,1871,107292,0,0,0,0,9,89,2,0,9,39,29,23
3,2085,1137,67995,1,1,0,1,57,33,5,2,44,23,26,7
2,2016,1352,89456,8,0,1,0,28,57,2,4,12,41,34,13
3,1942,925,70624,9,0,5,0,26,54,5,1,23,45,25,7
3,1915,870,73261,0,0,0,0,15,77,7,1,18,38,28,16
3,1884,1246,70918,0,0,0,0,18,74,5,3,9,34,29,27
2,1956,1037,86132,0,0,0,0,22,65,2,10,19,36,36,9
3,1766,1451,66523,8,0,0,1,22,63,3,4,15,47,24,14
2,2042,656,114210,31,0,0,0,21,31,7,9,1,25,22,51
2,1930,962,86994,8,0,2,0,15,52,3,20,19,25,33,23
2,2048,1378,92131,0,0,0,0,6,91,2,1,10,28,42,20
2,1998,1293,79979,0,0,0,0,12,84,4,0,11,47,25,17
2,1712,918,103779,5,0,1,0,2,87,4,1,8,31,30,32
3,1794,1841,69824,0,1,0,0,9,89,0,1,8,36,37,19
2,1625,1160,94385,1,2,1,0,15,81,0,1,21,24,23,33
3,1863,1504,58431,5,1,3,0,28,59,1,3,24,36,26,14
3,1715,1257,49192,5,0,0,5,36,41,13,1,33,34,24,9
4,1796,1172,44046,7,0,0,0,59,28,2,3,35,44,18,3
2,1709,1688,95469,1,0,0,0,7,88,3,1,3,23,41,33
3,1773,2316,65491,6,1,1,0,24,62,2,4,20,28,38,14
2,1802,2528,83248,23,0,6,0,17,46,7,0,12,19,45,24
3,2428,1670,95721,25,0,3,0,8,47,15,3,7,16,47,30
3,2343,1564,87744,9,0,0,0,22,67,1,0,12,36,26,25
2,2448,2177,122502,16,0,5,0,12,59,4,3,5,20,52,23
2,2752,616,132396,9,0,0,0,12,78,1,0,2,24,34,40
3,2254,1803,78185,25,0,4,0,25,35,5,5,8,29,35,28
2,2701,1230,142915,8,0,2,0,10,75,3,2,7,27,27,39
2,2539,1260,138567,8,0,4,0,11,69,3,4,5,17,43,35
3,2187,1151,72591,20,0,0,0,21,58,0,1,5,40,46,8
2,2522,2150,127874,6,0,0,0,11,80,2,1,1,16,39,45
3,2098,1401,66988,12,0,0,0,25,51,3,8,18,24,36,22
4,2066,953,55626,18,0,0,0,30,33,13,6,14,28,36,22
3,2267,1594,76256,17,0,0,0,17,57,2,7,18,19,33,29
4,1826,1832,44233,49,2,1,0,6,30,12,1,18,41,31,10
3,2495,953,88582,8,1,1,2,9,62,4,13,34,24,27,15
3,2504,1458,71716,13,0,0,0,3,83,2,0,19,36,38,8
3,2532,1304,100422,2,0,0,0,15,71,7,4,17,28,37,18
3,2463,1038,71225,0,0,0,0,40,52,5,3,21,57,19,3
3,2545,1864,77310,5,1,0,0,23,46,21,4,17,39,28,17
3,2455,932,91273,0,0,1,0,14,77,6,1,8,30,28,34
2,2571,2190,105473,3,1,0,0,9,82,2,1,10,31,40,20
5,2149,375,47637,14,0,0,0,43,30,6,6,37,30,25,9
3,2281,1822,74373,6,0,0,0,28,61,1,3,15,32,33,20
3,2497,892,86578,4,1,0,0,20,71,4,1,19,41,32,9
3,2620,1710,99996,6,1,0,0,10,74,9,1,10,29,42,19
4,2242,1782,62340,5,0,1,0,6,83,4,1,7,35,44,15
3,2346,988,84001,4,0,1,0,4,90,1,0,22,31,28,19
2,1632,1828,77186,10,1,1,0,9,74,1,4,16,31,38,15
3,1628,1727,64696,6,1,0,0,28,58,3,5,17,30,40,12
2,1437,1213,64568,1,1,0,0,4,80,6,7,13,39,37,12
2,1335,1645,64104,1,0,0,0,5,93,1,0,11,14,51,24
2,1714,2217,87337,2,2,0,0,14,72,10,1,13,21,36,29
2,2070,2372,90038,0,1,0,0,7,86,5,1,14,32,36,18
2,2165,1598,107587,0,3,0,0,11,83,2,1,7,21,53,19
3,2041,1153,65129,0,1,0,0,15,82,1,1,22,29,40,9
2,2234,1183,92368,3,0,0,0,7,75,15,0,9,27,51,13
2,1819,1597,109034,2,0,1,0,10,81,4,2,11,19,46,24
3,2160,1350,82484,0,0,0,0,11,86,2,0,15,34,38,13
3,2224,1082,82896,1,0,0,0,9,82,6,2,18,40,25,17
2,2433,949,154928,0,0,0,0,8,91,0,1,0,19,52,28
2,2248,1273,100901,0,0,3,0,4,84,9,1,24,28,31,17
2,2217,1540,120815,2,4,1,0,26,64,2,0,7,27,15,51
2,2122,1801,112812,1,0,0,0,4,92,2,1,9,28,37,25
2,1933,1612,94895,0,0,0,0,5,95,0,0,10,34,40,16
2,1905,988,84971,0,0,0,0,6,85,8,2,9,36,35,21
2,1984,2502,107434,1,0,0,0,4,88,7,1,9,27,35,29
2,1891,2719,95030,2,0,0,0,12,79,6,1,19,21,25,35
2,2117,1256,116031,0,0,0,0,12,83,0,5,8,23,22,46
2,2276,1147,142721,0,0,1,0,2,89,6,2,4,18,27,51
1,2543,1797,175020,1,3,1,0,2,92,0,0,1,6,41,52
2,2466,1874,157948,2,2,0,0,5,87,3,1,0,11,27,62
1,1977,1208,153240,2,0,0,0,7,83,3,4,1,6,26,67
2,2091,2167,113907,0,1,2,0,7,86,3,2,5,15,37,42
2,2220,792,133352,0,0,0,0,15,80,4,0,8,13,46,33
1,2303,1143,166789,0,0,1,0,8,86,4,0,1,6,37,55
2,2283,2115,120208,0,0,2,0,7,89,2,0,2,17,42,38
2,2676,2662,153401,0,0,5,0,5,84,4,1,3,9,34,55
2,2690,1430,144540,2,0,1,0,9,82,4,2,1,6,30,63
2,2757,945,114253,16,0,0,0,8,59,4,12,7,14,48,31
2,2559,504,151517,5,2,3,0,6,84,1,0,3,9,26,63
2,2485,1450,139032,1,0,5,0,9,76,8,0,5,7,34,54
1,2524,416,195514,3,0,1,0,9,74,13,0,3,7,6,84
2,2594,2063,114701,11,1,4,0,11,65,6,2,6,11,41,42
2,2403,1422,114733,1,0,2,1,5,88,2,2,2,19,36,44
2,1524,1351,84457,3,21,4,0,11,60,1,0,8,7,51,34
2,1714,1232,93804,18,0,14,0,3,63,0,3,8,24,16,51
3,2532,1143,98484,4,0,2,0,13,68,4,10,7,19,48,26
2,2543,1098,130376,18,2,0,0,4,71,5,1,3,18,40,39
3,2353,695,79062,4,0,2,0,22,39,32,1,28,13,31,28
2,2344,1123,121985,3,0,4,0,15,67,3,8,1,5,33,61
1,2475,773,184661,0,0,1,0,3,60,37,0,1,13,16,70
2,2112,706,122706,15,0,2,0,14,49,7,13,4,23,30,43
2,2328,977,97612,5,0,2,0,25,40,11,16,15,19,35,32
3,2494,1521,97185,9,1,1,0,11,67,7,5,7,22,48,23
2,2273,914,142592,10,0,0,0,11,78,0,1,3,12,16,69
1,2377,235,164935,0,0,0,0,5,79,11,6,0,20,43,37
2,2421,1845,99693,8,0,4,0,26,45,10,7,14,22,26,38
1,2914,1657,195979,0,0,2,0,4,89,5,0,0,5,27,67
2,2810,989,166292,3,0,2,0,2,89,3,1,3,7,38,52
2,2932,522,158667,0,0,1,0,9,76,11,2,6,11,25,58
2,2312,2107,139042,0,1,1,0,9,83,3,3,3,16,29,51
2,2895,947,165529,0,0,11,0,3,82,2,2,2,12,29,56
2,2499,1473,118655,19,0,2,0,20,56,2,0,13,9,32,46
2,2865,1540,147712,23,0,1,0,5,66,3,2,5,10,27,58
2,2681,717,130069,1,0,0,0,10,87,2,0,2,39,42,16
4,2243,1573,62335,0,1,8,0,36,21,2,33,44,24,23,10
3,2033,1717,75099,2,1,0,0,22,42,1,31,21,15,29,35
5,2288,1325,43613,3,0,2,0,48,5,1,40,44,35,19,2
4,2190,1363,55821,2,0,0,0,36,3,5,54,70,18,10,3
3,1973,1747,56559,21,1,0,0,38,4,15,22,33,37,21,10
4,2169,524,54011,2,0,0,0,41,21,5,31,48,41,10,1
4,2177,1129,50657,0,0,0,0,53,2,6,39,54,31,12,2
3,1935,837,75859,4,0,0,0,32,7,22,33,57,18,19,5
4,2165,1225,58164,1,0,0,0,57,18,1,24,48,30,14,7
3,1645,1815,51604,18,2,0,0,32,20,3,25,35,33,26,6
4,2031,1538,57422,6,0,4,0,42,10,4,34,38,35,24,2
2,1918,1138,90596,4,0,0,0,15,74,1,5,7,15,32,46
3,1732,1045,55751,8,2,2,0,28,45,3,12,12,34,40,14
3,1757,1912,59831,2,0,0,0,33,28,8,28,43,21,22,15
4,2125,1671,53762,1,1,0,0,64,5,6,23,41,37,21,2
5,1957,650,42598,2,2,0,0,54,7,1,34,42,35,19,3
2,2247,683,96021,8,0,6,0,44,26,2,15,22,38,6,33
4,2112,1579,59887,8,1,0,0,41,12,2,34,41,24,17,18
3,2101,1861,73572,31,1,1,0,22,36,6,3,15,27,33,25
4,2018,960,47227,28,0,0,0,27,19,4,21,22,39,30,9
3,2075,2121,67740,24,2,1,0,23,30,7,14,17,27,33,23
4,2279,1244,56109,18,2,0,0,37,8,18,17,41,32,20,7
4,1932,1656,44256,24,0,4,0,30,17,3,21,36,29,25,9
3,2223,1560,69682,8,0,13,0,28,24,6,21,30,15,28,26
6,1869,470,33072,40,0,0,0,21,14,14,12,36,39,20,5
1,929,2542,118034,7,0,10,0,8,70,2,3,1,3,10,86
1,1917,1246,147763,2,0,3,0,9,84,1,1,2,0,12,87
2,1597,1481,81624,16,0,0,0,15,62,1,6,10,26,27,38
2,2185,1532,144264,2,1,0,0,11,81,1,4,5,10,22,63
1,2098,1485,139952,2,0,1,0,4,89,4,1,6,8,16,69
3,1592,1417,60265,19,0,0,0,24,36,1,20,20,28,40,13
4,2126,1878,55390,6,0,0,0,20,44,11,18,20,36,34,10
2,1675,2088,88657,17,0,2,0,6,61,6,7,10,10,27,52
1,2045,1763,139701,9,0,3,0,9,73,5,0,2,12,21,66
5,2070,1326,43106,53,0,5,0,21,10,3,9,28,41,20,11
3,1559,1707,48866,15,2,1,0,30,40,1,10,15,24,31,30
2,2103,1437,95052,4,2,0,0,28,46,1,19,18,10,25,46
2,2083,1652,108686,1,0,5,0,10,69,12,3,6,3,28,62
4,2113,1358,50254,14,2,1,0,31,12,3,38,38,41,18,3
6,1825,825,28264,52,3,0,0,17,2,3,23,41,26,30,4
4,2194,885,50571,53,0,0,0,30,4,2,11,28,33,32,8
5,2237,1345,46540,22,0,0,0,31,9,2,36,52,27,13,7
5,2423,992,50135,45,0,0,0,22,2,2,29,31,35,29,5
5,1946,1123,37671,47,0,3,0,16,18,1,16,33,51,13,3
2,2127,1443,111657,3,0,11,0,14,62,4,7,13,17,14,56
2,2235,1293,117436,3,0,5,0,14,68,5,6,4,8,26,62
2,2065,104,137092,9,0,6,0,10,70,5,0,9,29,16,46
1,2367,982,165988,0,0,1,0,2,96,0,0,2,2,22,74
3,1547,1284,56556,4,4,5,0,7,73,6,1,5,18,33,44
2,2041,1486,128930,1,0,1,0,9,82,4,4,4,11,7,78
2,2071,2068,87536,3,1,0,0,43,38,11,4,20,14,33,33
4,1983,1033,55977,10,0,0,0,51,14,10,16,40,19,29,11
5,2160,810,47238,2,0,4,0,49,0,9,36,60,19,19,2
4,2027,1052,50763,5,0,1,0,66,11,4,13,40,25,19,15
5,2092,1641,40805,41,0,0,0,30,5,5,18,40,33,19,7
5,2290,1384,44802,36,0,1,0,24,1,15,23,39,38,22,0
4,2332,1223,59326,24,0,1,0,34,6,4,31,36,30,33,1
5,2266,1142,48068,14,0,2,0,46,5,16,19,56,20,14,9
4,2111,1011,49420,55,0,0,0,19,2,5,19,33,41,19,7
4,2178,1631,53271,44,0,3,2,23,6,4,19,20,31,35,15
4,2152,1387,48693,0,0,3,0,58,6,8,25,49,23,24,4
5,1955,969,40303,4,0,1,0,56,4,3,32,49,25,18,8
4,2037,1362,45327,10,0,5,0,47,19,3,15,29,36,22,14
3,1901,2003,57218,3,1,13,0,32,13,12,26,36,13,15,37
3,2191,809,63656,2,1,3,0,48,9,2,35,34,34,18,15
4,2073,957,52535,3,0,7,0,56,15,4,14,43,30,19,8
2,1489,2766,73275,12,0,18,0,6,57,4,2,3,16,37,43
2,1798,3341,90632,11,1,9,0,18,46,6,9,11,20,39,31
4,2350,1738,59800,2,1,0,0,48,10,3,35,42,38,14,6
4,1477,2176,40058,29,0,0,0,32,26,6,7,21,19,47,13
2,1790,1214,72207,8,0,2,0,43,37,9,1,8,37,34,21
3,1290,1720,38792,35,0,2,0,22,31,3,7,13,48,32,6
3,1164,1189,42758,26,1,0,0,19,45,4,4,8,27,33,32
4,1194,1452,30027,65,0,5,0,4,20,2,4,18,41,36,5
1,1850,2721,137219,2,0,14,0,10,69,4,1,2,5,11,82
1,2360,1566,171017,0,0,0,0,4,89,5,1,1,4,14,81
1,1407,2031,95493,12,0,3,0,4,69,5,6,3,13,26,58
2,1048,1701,69409,7,1,2,0,18,65,5,2,3,11,26,59
1,1866,1113,128532,1,0,3,0,8,82,7,0,1,2,40,57
2,2035,2385,83222,13,0,1,0,12,45,27,2,9,21,43,27
2,1945,2192,79131,10,0,6,0,18,61,1,3,7,29,29,35
2,1669,2113,81524,16,0,6,0,21,43,12,2,12,19,30,39
2,1889,2323,77795,40,0,0,0,21,31,6,2,8,20,48,23
2,2219,1689,102701,20,0,3,0,17,43,14,3,7,13,28,52
2,1140,1694,48717,26,0,2,0,17,43,9,2,2,27,37,34
2,1140,1700,47053,27,1,4,0,19,33,12,3,4,30,30,36
2,1958,2417,102072,29,0,7,0,23,33,7,1,7,26,36,32
2,1995,982,93635,22,0,1,0,7,48,21,1,4,22,33,41
3,1507,1655,55512,28,0,18,0,11,32,10,0,6,17,51,27
2,1765,1627,84595,5,5,6,0,8,69,7,1,2,30,13,55
1,1565,2245,107652,6,0,6,0,11,75,2,0,3,12,25,60
1,2507,859,194577,1,1,12,0,1,82,3,0,0,0,10,90
3,2193,1762,82558,3,2,0,0,40,40,5,10,11,26,31,32
2,2171,1423,100962,12,0,1,0,28,48,10,2,20,24,26,30
2,1804,1373,73298,31,0,3,0,35,29,2,0,7,39,36,18
3,1622,1855,61796,29,0,2,0,40,25,3,1,11,44,25,19
3,1932,1130,67673,29,0,8,1,39,11,0,13,21,36,27,16
4,1981,1373,55052,1,5,0,0,46,18,10,20,32,41,17,9
4,2252,1115,57273,9,0,0,0,48,10,0,32,44,35,17,4
4,1491,1209,39831,26,1,29,0,18,15,5,6,51,26,15,8
4,2045,1192,54647,47,0,0,0,30,10,3,10,19,40,30,11
3,2124,2177,63606,37,0,0,0,32,15,6,9,20,27,36,17
3,2300,1407,85269,24,0,0,0,35,11,25,6,24,31,30,14
2,1764,1745,76400,41,0,1,0,40,14,4,0,15,35,31,19
4,2300,522,53596,57,0,0,0,16,9,4,14,32,37,27,4
5,1742,1491,37250,35,0,0,0,29,16,6,13,24,31,33,12
5,2369,1136,46273,49,0,0,0,14,0,9,29,25,48,24,3
4,1809,1696,44687,82,0,0,0,3,11,1,3,29,24,39,7
5,2134,1218,46150,69,0,0,0,13,2,2,14,26,35,34,5
4,2102,1164,58469,22,1,1,0,23,30,5,18,28,30,28,14
3,2130,1132,73752,40,1,5,0,7,34,9,5,6,28,39,28
3,1781,1975,56141,59,0,1,0,9,17,5,9,7,22,42,29
2,1661,1101,67084,17,0,4,0,12,59,6,3,5,16,40,38
2,1934,2179,110515,31,0,8,0,10,45,4,2,5,7,46,42
2,1728,2058,78185,43,0,10,0,10,29,5,3,12,21,33,34
3,2155,1052,82141,51,0,1,0,10,20,11,6,10,36,29,25
2,1708,2287,77945,50,0,4,0,7,30,9,0,5,27,38,31
3,1594,1896,59456,52,0,3,0,10,25,6,4,16,18,48,19
2,1100,3239,71453,34,0,17,0,18,22,6,2,5,13,31,52
4,1694,762,38833,62,0,14,0,6,6,10,3,41,31,14,14
3,1172,1665,39798,54,0,2,0,13,10,16,5,21,27,35,17
2,1959,1756,92906,42,0,8,0,12,27,4,6,14,14,38,34
3,1878,1531,62816,36,0,7,0,31,15,3,8,10,33,31,26
2,1133,1844,48648,37,1,4,1,13,34,6,4,4,22,45,29
2,2055,1556,103830,26,0,18,0,15,35,5,2,8,17,47,28
2,2182,626,128347,5,0,29,0,10,52,1,2,3,7,39,51
2,2295,2301,119002,17,0,11,0,8,57,4,3,5,12,39,44
2,1054,1125,43626,16,2,1,0,33,38,5,5,9,38,40,13
3,1940,945,68475,9,0,1,0,30,50,1,9,8,22,57,13
3,1967,1244,56703,5,0,9,0,31,31,3,21,27,39,24,11
3,1804,1648,55079,13,0,10,0,13,43,3,18,9,40,32,19
2,1397,1281,63875,21,0,16,0,13,36,3,11,15,41,32,12
3,2381,1174,68438,5,0,5,0,25,31,0,34,34,36,20,10
3,2156,2394,65725,3,0,5,0,35,32,12,12,18,38,29,15
2,1811,1916,78715,9,0,11,0,15,50,2,12,10,36,28,26
3,2132,800,66740,16,0,7,0,14,32,4,27,35,24,29,12
4,1888,1084,52109,3,0,10,0,33,36,1,18,25,43,22,9
4,1904,1662,48046,2,0,4,0,37,30,3,24,37,29,24,9
2,2175,1704,95758,1,1,0,0,17,66,6,9,15,29,36,20
3,2111,1511,60353,3,0,0,0,39,29,17,10,15,59,25,1
3,2130,2630,74861,0,1,0,0,37,39,6,17,20,29,36,14
2,1728,1154,83964,5,0,1,0,23,59,9,3,6,28,40,25
3,1853,2022,71873,6,1,1,0,20,51,14,7,9,30,41,20
3,1750,1711,62291,6,1,3,0,13,63,4,10,16,37,28,19
2,2086,1285,88958,7,0,3,0,15,69,5,0,6,41,37,17
3,2103,1272,62955,7,0,2,0,23,46,7,15,26,25,34,16
2,2048,2300,93069,8,0,3,0,13,64,7,4,4,30,27,39
2,2073,1889,107462,9,0,2,0,14,69,3,2,3,24,37,37
2,2172,2479,99914,2,3,3,0,15,58,8,11,6,19,45,30
1,2330,1326,176713,7,0,3,0,10,76,2,2,2,5,12,81
2,2293,856,134622,4,0,1,0,8,84,2,0,2,10,30,59
2,2258,2034,121308,2,0,0,0,8,60,28,1,3,16,24,57
1,1877,630,125513,6,0,3,0,7,80,4,0,0,3,27,69
2,2177,1631,115088,2,0,0,0,7,74,15,2,0,24,38,39
3,2164,1786,78201,2,1,0,0,11,62,22,2,12,21,42,25
2,2086,1339,97932,5,0,6,0,13,73,3,0,7,9,40,43
2,2215,974,100707,15,0,4,0,24,40,11,6,12,26,38,25
2,2153,1406,104059,2,0,0,0,15,79,3,1,6,32,28,35
3,2067,803,73571,10,0,0,0,27,56,6,1,5,41,37,17
2,2400,775,148969,18,0,0,0,13,53,15,1,2,22,33,43
3,2135,1439,70742,28,1,13,0,33,20,2,3,22,23,39,16
3,1726,2130,57688,38,0,3,0,21,23,14,0,7,33,32,28
2,2068,1377,97931,26,0,2,0,11,54,5,2,8,24,50,18
2,2381,1719,108810,32,0,4,0,16,41,6,1,2,28,46,24
2,2054,2025,86421,53,0,4,2,17,13,9,2,9,29,40,23
3,2303,1583,77722,56,0,11,0,8,20,5,0,4,16,37,42
2,2233,1228,91163,14,0,1,0,32,21,27,6,14,47,26,13
3,2538,1669,82870,48,0,1,1,26,12,7,5,4,31,28,37
3,2306,1425,89363,53,0,3,0,22,16,3,3,7,32,44,18
3,2205,2032,83713,19,0,1,0,10,50,12,8,13,27,41,20
2,2317,2029,101107,4,0,5,0,9,55,25,1,10,16,34,41
2,2111,1480,96839,7,1,4,0,4,78,6,1,3,28,37,33
1,1822,583,135990,45,0,7,0,9,33,5,1,0,4,34,62
2,2698,1969,151097,29,1,10,0,15,42,0,2,6,12,25,57
2,2462,1482,139787,37,0,10,0,14,35,3,1,5,13,23,59
4,2067,1840,56030,55,0,0,0,20,6,3,16,22,28,40,10
4,2240,1055,57670,43,0,0,0,46,5,2,4,26,38,25,11
4,2230,900,55200,39,1,0,0,25,9,18,8,34,26,26,15
3,1889,2126,62870,27,0,0,0,33,21,6,14,30,39,21,10
2,2131,2385,96726,12,1,0,0,20,47,11,9,4,24,44,28
2,2135,1644,102385,5,0,2,0,16,77,0,1,8,24,36,32
2,2348,2634,108731,8,0,3,0,5,74,7,2,1,19,41,40
2,2080,1868,88824,12,0,2,0,21,48,12,4,16,19,29,37
3,1682,1144,66323,29,0,0,0,8,40,15,7,5,11,63,21
2,2004,813,89527,20,0,1,0,13,54,12,0,4,31,35,31
3,2119,1359,79440,10,0,0,0,26,44,3,16,17,31,39,13
2,2638,2336,137173,18,1,6,0,8,54,9,4,1,14,39,45
2,2663,1193,164037,5,0,1,0,2,84,7,1,0,3,32,65
2,2631,2145,141053,37,1,5,0,11,40,2,3,2,7,41,51
3,2417,1139,87582,41,0,10,0,10,32,2,5,4,28,26,41
2,2340,1795,106404,45,0,9,0,16,26,2,2,11,15,32,41
2,2430,1486,130204,1,0,0,0,8,78,3,10,13,28,27,32
3,2413,1992,96000,11,0,1,0,7,79,2,1,14,30,30,26
1,2217,2618,155444,36,0,8,0,12,42,1,0,3,10,43,43
2,2440,1331,135411,30,0,6,0,19,33,9,3,7,2,29,62
2,2425,2220,106233,12,0,2,9,8,67,1,2,6,21,26,46
3,2047,873,70686,16,0,2,0,26,49,4,2,22,23,44,11
2,2602,1347,142239,21,2,3,0,13,55,5,1,4,5,39,52
2,2566,1110,127091,9,0,6,0,5,69,6,5,9,12,25,53
2,1992,1498,104364,22,0,3,0,9,62,1,3,3,20,41,36
2,2569,1817,145106,15,0,13,0,5,57,3,7,1,9,23,67
2,1217,1780,61512,30,2,5,0,7,44,3,9,3,18,49,31
2,2225,1911,120775,19,0,4,0,7,67,2,0,13,18,31,38
2,2032,1796,81490,8,0,1,0,7,71,6,7,4,24,24,48
2,1789,2706,78833,21,0,3,0,8,61,3,3,7,27,26,40
3,2293,1333,88554,25,0,16,0,18,23,12,6,12,19,39,29
3,2172,1833,77230,27,0,7,0,22,27,8,8,14,25,39,23
3,2043,2125,76619,31,0,4,0,18,27,9,10,8,17,36,38
2,2044,1946,83466,6,1,8,0,35,27,6,18,32,28,24,17
3,1894,1976,67331,21,0,8,0,18,25,11,17,28,18,28,25
3,1858,1741,70650,16,0,3,0,14,52,6,9,9,23,38,29
2,2190,1366,118697,3,0,4,0,18,70,3,2,3,23,36,38
2,2371,2206,124672,9,0,4,0,2,76,5,3,2,10,27,61
2,2297,1571,97594,9,0,7,0,3,73,5,2,6,18,29,47
2,2389,2598,103134,9,0,5,0,10,67,7,2,6,12,38,43
2,2413,1879,126322,8,1,4,0,15,62,10,0,5,21,31,43
2,2322,2255,101322,18,0,3,0,13,58,6,2,1,27,34,38
3,1518,1484,60008,38,1,4,0,19,18,18,4,8,19,45,28
2,1811,1909,83907,41,0,6,0,23,18,3,9,10,20,39,31
2,2053,2033,83475,17,0,14,0,19,26,5,18,15,12,42,30
3,2198,1257,75219,42,0,3,0,22,21,4,8,8,14,42,37
2,2303,1782,108549,28,0,11,0,12,32,4,13,10,21,32,37
3,2047,2321,74293,38,0,12,0,15,21,4,10,7,22,46,26
2,2127,2507,86700,26,0,7,0,14,39,5,9,15,27,32,26
2,2274,843,145150,3,0,8,0,5,83,1,1,3,15,25,56
2,2322,2268,110795,6,0,5,0,8,75,3,3,1,20,34,45
2,2669,2255,141135,19,0,10,0,7,59,3,2,2,6,44,48
2,2119,1254,95643,10,0,6,0,16,59,8,1,6,18,41,35
2,1564,1743,64667,24,0,6,0,17,38,9,4,5,14,48,33
2,2561,1287,109969,24,0,16,0,15,25,11,10,11,19,38,32
2,2369,1461,114022,44,0,13,0,10,18,8,7,8,10,35,47
3,1736,1741,59157,28,0,1,1,35,21,7,7,20,26,34,20
3,2001,788,58657,16,0,22,0,13,23,1,24,23,23,25,29
3,1830,1784,70773,22,0,11,0,24,23,8,12,13,37,27,22
2,1356,791,64917,32,0,8,8,11,29,9,4,0,18,17,65
3,2419,1782,85475,30,3,13,1,15,29,1,7,26,25,17,32
3,2322,1338,81296,32,0,23,0,10,22,1,12,14,36,26,23
2,2454,1447,125148,53,0,9,0,12,21,1,4,5,29,15,51
2,2355,1256,135510,42,0,21,0,3,25,6,4,7,24,33,36
2,2159,1366,102902,25,0,29,0,3,29,11,2,6,10,28,55
2,2404,1748,146533,40,0,6,0,11,37,4,2,0,17,27,56
1,2711,1875,184143,33,0,18,0,7,37,3,2,4,9,19,68
2,2507,1998,109878,43,0,1,0,9,34,8,5,15,12,45,28
2,2369,2106,104494,39,1,14,0,11,23,8,4,3,9,45,44
3,1771,1466,52263,30,0,24,0,10,15,5,16,18,24,42,17
3,1629,1462,59562,61,0,2,0,10,10,2,14,20,21,36,23
2,1675,1266,69864,23,0,23,0,11,22,10,11,11,21,42,27
2,1763,878,93891,41,0,20,0,29,8,2,1,10,20,36,34
2,1415,526,94278,29,0,0,0,14,47,6,4,0,8,37,55
2,2134,1062,121905,6,0,5,0,12,65,12,1,1,16,33,50
3,1734,796,51754,41,0,0,0,51,5,2,1,34,11,51,4
2,1334,533,53596,48,0,5,0,30,4,0,13,11,19,24,46
4,1651,1172,41945,23,0,5,0,42,20,1,8,33,20,38,10
2,1532,2354,87253,23,0,6,0,14,48,6,3,4,13,29,54
2,1240,2200,58621,42,0,3,0,12,38,2,3,12,14,42,32
2,2040,981,101553,2,0,3,0,8,80,4,4,4,15,19,62
2,2357,1698,140487,5,0,6,0,9,72,7,1,1,7,28,64
2,1498,1756,67626,35,0,8,0,18,28,2,9,8,15,42,36
2,1267,2481,63661,41,2,2,0,19,27,6,4,5,15,42,38
1,1483,1105,100203,33,0,6,2,7,49,3,1,0,11,29,60
2,1496,1793,60516,25,1,4,0,25,27,18,2,7,41,29,23
2,1205,1921,54266,40,0,6,0,20,22,9,3,8,19,48,25
3,1205,1140,45084,44,3,3,0,12,28,3,7,6,20,50,24
3,1246,1204,39896,78,0,3,0,9,2,1,7,8,22,54,16
2,1508,1847,81034,44,0,9,0,4,37,1,5,0,13,32,55
1,2079,986,206089,15,0,23,0,3,56,2,1,0,9,3,88
2,1207,470,61858,41,0,2,0,11,42,1,2,7,12,44,37
2,1179,1618,76089,57,0,5,0,15,20,2,0,0,18,35,48
3,1914,2188,60791,3,0,2,0,19,58,7,11,23,24,23,30
2,2218,1541,114306,3,0,1,0,8,85,2,1,3,12,41,43
2,2405,3091,133006,4,0,6,0,9,77,3,0,3,16,32,49
2,2278,1741,111007,3,0,3,0,8,81,2,4,3,18,39,40
3,2009,1277,69646,3,3,1,0,3,64,13,14,9,25,41,25
2,2000,2063,92427,8,0,4,0,11,63,9,6,8,25,38,29
2,2139,1797,95385,1,0,1,0,13,77,7,0,3,16,55,26
2,1878,2273,79466,14,1,5,0,16,56,4,4,7,24,35,34
2,1950,1795,87947,10,0,5,0,13,67,3,1,9,29,41,22
2,2133,1264,139960,4,0,1,0,10,81,3,1,3,9,39,48
2,1843,2546,106796,3,0,1,0,11,73,10,3,4,18,28,51
2,1256,1592,56028,22,2,12,0,2,38,19,5,6,31,47,16
3,1847,1297,65937,6,3,2,0,8,62,5,14,12,21,41,26
2,2126,1278,94988,5,3,1,0,14,66,9,3,7,29,37,27
3,1888,1628,72225,1,0,4,7,16,58,3,10,19,31,38,12
2,2154,891,87860,4,0,2,0,24,68,2,0,9,19,33,39
3,1836,2052,66878,12,1,0,0,8,60,5,12,3,29,39,30
3,1925,1697,71718,9,1,5,0,31,33,4,17,27,26,29,18
3,1995,2085,66737,13,3,2,2,11,54,11,3,9,25,34,32
2,2286,920,102522,11,0,1,0,8,78,2,0,10,17,32,41
2,1418,1917,58654,10,0,5,0,19,32,8,26,13,24,25,38
3,1907,1696,72055,14,0,8,4,14,36,17,7,15,35,25,25
2,1743,2665,93203,13,1,33,0,10,36,3,4,9,20,23,49
2,1923,1390,82886,26,0,20,3,6,43,1,1,14,20,36,30
2,1626,2516,70171,15,1,9,0,12,52,5,6,1,15,54,30
2,1758,2076,77859,8,0,8,7,24,43,8,2,10,20,44,26
2,1708,1575,71795,15,1,16,4,19,32,7,5,14,29,29,28
2,2013,1533,100778,11,2,5,0,11,67,2,3,7,15,38,40
2,1593,1706,94699,29,0,10,0,13,46,2,1,4,12,50,35
2,2177,2751,116571,7,0,15,1,8,61,5,3,4,8,29,59
2,1624,2363,87774,17,0,7,0,7,43,22,4,6,10,44,40
2,1255,1660,67658,22,0,5,0,16,41,5,10,3,17,37,43
2,1160,948,72326,26,0,1,0,9,56,7,1,4,14,43,38
2,1798,1863,73218,27,1,2,0,14,52,3,1,5,28,42,25
2,2348,1581,125749,6,0,3,0,8,78,3,0,4,10,44,42
2,2247,1852,116923,2,0,9,0,4,81,3,0,0,8,29,63
2,2096,1653,104012,5,9,4,0,7,72,3,1,0,15,37,47
2,2109,2068,86854,12,0,8,0,13,57,3,7,4,17,55,25
2,1406,2087,60953,36,2,2,0,13,38,7,1,7,11,59,23
1,2928,2678,198359,2,1,7,0,11,76,3,1,0,10,24,66
2,2259,1273,115826,2,0,0,0,9,86,1,1,1,15,32,51
2,2214,1519,121108,6,1,8,0,11,68,5,1,1,16,31,52
2,2365,1168,127607,1,0,7,0,4,77,10,0,0,8,28,64
2,2332,1438,109686,2,0,6,0,9,76,5,1,1,11,29,59
2,1449,2139,78957,27,1,8,8,5,39,10,1,4,18,38,40
2,1858,1917,84781,11,0,8,0,1,65,3,12,3,29,37,31
2,1658,1503,76075,13,0,9,0,13,59,5,1,2,13,48,36
2,3144,1878,207534,1,0,6,0,7,80,3,2,0,6,19,75
1,2929,1691,203190,1,0,12,0,3,80,3,1,0,10,18,72
1,3241,1841,253210,2,0,12,0,3,79,4,0,2,5,14,79
2,2164,1510,108326,5,4,3,0,22,46,3,18,17,17,29,38
2,1374,1300,61922,26,0,2,0,25,28,14,6,10,9,37,43
2,1405,2299,70365,11,0,2,0,11,59,14,4,3,17,32,47
2,1813,756,75935,14,4,4,0,9,64,1,4,2,12,37,49
1,3004,2448,214764,0,0,2,0,6,88,3,1,0,7,35,59
1,3294,2045,260864,3,0,4,0,1,83,8,0,0,10,15,74
1,2984,1900,210856,0,1,5,0,5,88,1,0,1,11,22,67
2,2968,1890,193903,3,0,15,0,6,72,4,1,4,4,18,73
2,2084,1911,99271,5,0,3,0,14,52,22,3,9,15,30,46
2,2291,1755,135205,1,3,4,0,8,78,5,2,2,13,33,51
2,1925,2136,110178,1,2,3,0,24,59,2,9,13,18,35,34
1,2023,443,147899,0,0,9,0,38,28,7,17,21,7,23,49
2,2372,1393,131326,3,0,2,0,10,69,7,10,10,10,43,36
1,1172,3047,93869,23,0,4,0,13,36,2,23,7,12,17,64
1,1611,1647,107499,1,0,16,0,4,68,7,4,1,13,46,39
2,2220,1818,96432,6,0,2,0,14,64,7,7,11,25,34,31
3,2129,2069,83637,6,2,11,0,10,63,6,2,6,25,44,25
3,2125,1574,80684,2,1,2,0,14,68,5,9,7,41,30,21
3,2240,1489,84558,3,2,9,0,22,54,7,1,7,33,43,17
2,1684,1582,79216,11,2,12,2,22,39,9,3,11,29,41,18
2,2530,1848,167233,1,0,4,0,15,75,4,0,2,11,30,57
2,2772,1903,176060,1,0,4,0,8,81,5,1,2,11,22,65
1,2876,1536,192848,1,1,3,0,8,77,9,1,2,6,19,73
1,3089,1899,233687,4,0,3,0,7,83,3,0,1,2,16,81
1,2807,1746,199601,2,1,4,0,5,83,5,0,1,5,22,72
1,3098,2234,252966,2,1,17,0,10,68,3,0,1,4,15,80
1,3375,1584,270413,3,0,19,0,2,69,3,3,2,4,11,83
1,2703,2096,194923,2,0,3,0,6,82,6,2,1,6,22,71
2,1777,1701,75129,14,0,5,0,16,53,3,9,7,29,34,31
2,2147,2415,91173,9,3,13,1,9,51,3,12,20,15,33,33
2,1880,2041,79717,13,1,9,0,19,45,5,9,6,21,41,32
2,2391,2366,124667,5,0,14,0,11,60,7,1,3,11,34,53
2,2287,1785,119780,14,1,11,0,14,51,5,5,4,12,40,44
2,1473,2032,97563,12,0,14,0,13,43,6,12,4,15,31,50
2,1983,1684,103750,12,0,11,0,17,50,3,7,2,23,35,40
2,1992,1426,89557,8,2,8,0,21,45,10,6,8,33,36,23
2,2060,3748,107778,22,2,9,0,13,40,12,4,2,17,36,46
2,1937,3572,114340,8,0,13,0,7,60,3,10,1,24,29,46
2,2211,1877,137418,6,0,9,0,5,69,5,7,2,22,36,40
1,936,1298,97929,11,0,1,0,3,60,4,20,1,15,46,37
1,2021,2182,140444,4,0,0,0,19,47,1,29,3,27,13,56
2,2147,1114,116286,4,0,3,0,11,72,6,4,2,19,24,56
2,2187,2003,121311,15,0,5,1,6,58,13,3,2,8,25,65
2,1822,623,117469,0,0,0,0,34,51,0,15,0,8,35,57
2,2295,1216,141280,27,0,4,0,9,50,9,0,0,19,32,49
2,2143,2294,137476,9,0,5,0,7,66,12,1,0,5,31,63
2,1363,2264,79176,6,1,4,0,4,68,2,14,5,32,19,44
2,1993,1947,111619,6,0,6,0,20,59,7,2,0,14,43,42
2,2067,1532,134487,8,0,17,1,12,56,1,5,0,11,34,55
2,2100,1909,125484,5,0,3,0,18,71,1,3,1,19,30,50
1,2176,1143,145832,9,0,4,0,12,73,2,1,7,6,22,65
1,1610,1751,143874,0,0,8,0,3,86,3,1,1,35,37,27
2,2147,985,118262,10,0,25,0,14,47,5,0,0,12,10,78
2,1726,1734,95321,5,0,16,0,8,69,1,0,5,19,52,24
1,2051,965,171639,23,0,35,0,3,39,0,0,0,9,40,51
1,1990,2651,167344,15,1,4,0,4,71,5,0,4,12,25,59
2,1852,1633,101667,7,0,8,0,5,79,1,0,4,23,25,48
2,1951,2126,117932,2,0,13,0,11,72,1,1,4,21,29,46
1,2635,2821,223624,0,1,8,0,7,68,14,2,5,6,18,71
1,2832,1347,193888,1,0,1,0,6,86,3,3,0,14,16,70
1,3396,1127,257869,0,0,32,0,9,57,3,0,1,1,28,70
1,2994,1587,252014,0,0,18,0,2,72,4,4,1,11,31,57
1,3332,1230,278845,1,1,19,0,3,74,2,0,0,0,14,86
1,3477,737,233122,3,0,8,0,3,84,1,0,0,9,22,69
2,2087,2675,93040,8,1,1,0,23,52,1,13,10,26,38,26
2,2076,2497,92546,2,0,1,0,14,71,4,8,6,39,30,25
2,1927,1589,91744,12,0,11,0,22,50,4,1,12,25,32,31
2,2037,2725,119399,2,1,5,0,21,52,16,3,1,35,39,26
2,2140,2027,121654,6,0,3,0,16,73,1,1,1,14,44,41
2,2065,2896,110554,14,0,5,0,18,52,8,3,6,23,34,37
3,2069,2648,77647,21,1,3,0,20,42,4,10,6,32,44,18
2,2079,2541,101686,4,1,1,1,32,48,8,5,8,17,50,25
2,1983,1124,88162,0,0,2,0,57,36,1,4,15,32,32,21
2,2751,1103,176184,0,1,0,0,14,85,0,1,2,11,23,64
2,2162,1960,110327,9,1,1,0,19,64,4,1,3,41,37,20
2,2004,1592,124434,5,1,4,0,6,61,13,10,0,14,49,37
2,2218,1921,140374,3,0,0,0,12,82,0,3,1,9,37,53
2,2066,3795,117645,7,4,5,0,13,60,8,3,1,12,34,53
2,2376,2192,152693,11,0,1,0,4,78,2,3,2,16,41,41
2,2428,676,145581,5,0,2,0,5,89,0,0,2,21,58,18
2,2219,1544,147193,5,2,0,0,4,83,0,6,11,15,14,61
2,2008,1390,111435,5,0,0,0,1,91,3,0,7,15,36,42
3,2156,1948,80090,0,0,0,0,7,87,1,4,14,40,35,11
2,2102,2537,97138,1,0,1,0,3,90,6,0,3,20,56,21
2,1969,1217,80398,0,0,0,0,7,90,1,2,6,43,26,25
2,2169,1661,106550,1,1,1,0,8,84,3,2,18,22,33,26
2,2399,2095,134891,3,0,2,0,18,70,4,2,3,21,38,38
2,1758,1282,87781,8,0,1,0,20,65,4,0,4,22,42,32
2,2261,1340,125902,7,0,2,0,14,72,4,0,8,9,24,59
2,2143,2288,89426,12,0,5,1,6,72,2,2,4,20,35,40
2,2431,1995,142415,14,0,9,0,4,66,5,1,1,17,22,59
2,2113,934,95626,6,0,6,0,9,67,2,10,7,21,35,37
2,2248,1472,94649,14,0,5,0,11,59,6,4,6,14,44,36
2,2204,1266,114406,8,0,4,0,14,63,2,9,2,11,17,70
2,1899,1831,80608,18,0,0,0,19,45,16,1,5,18,42,34
3,1340,1018,46530,40,0,0,0,24,34,1,0,13,48,24,16
2,1973,1302,91978,18,0,13,0,3,40,22,4,5,22,52,22
3,1319,1284,52184,32,0,0,0,25,30,2,11,14,21,45,21
4,1628,1801,46183,17,0,5,0,45,19,6,8,35,24,25,16
3,1714,1044,52109,16,1,3,0,42,21,11,7,30,30,25,15
3,1676,1448,53482,20,0,0,0,40,13,8,19,33,35,23,9
4,1319,2276,35472,30,0,18,0,18,10,15,7,20,37,31,13
3,1630,1256,55512,19,0,3,0,31,20,8,19,30,21,33,16
4,1540,1498,42523,22,0,4,0,42,8,6,18,51,18,14,17
3,1290,454,36948,36,0,0,0,28,1,6,28,39,24,37,0
3,2039,1034,64301,4,1,0,0,48,16,5,25,44,27,17,12
4,1678,1501,47148,20,0,0,0,41,12,5,21,34,28,29,9
4,2162,2017,54861,4,0,0,4,47,15,17,13,33,33,30,4
4,1492,810,40497,14,0,0,0,53,19,11,4,28,28,28,16
4,1175,1242,32689,20,2,22,0,11,37,7,2,7,13,39,41
5,1231,760,23321,11,0,20,0,9,25,5,29,37,4,33,26
2,1674,1348,77897,13,1,16,0,12,53,2,4,3,11,43,43
3,1823,1713,71234,16,0,4,0,9,63,7,0,11,23,36,30
3,2054,1490,81926,10,2,0,0,13,67,6,2,6,14,40,39
2,1641,818,67187,20,0,3,0,24,43,4,5,15,21,27,37
3,1832,1285,64658,9,0,2,0,15,61,5,9,4,29,39,29
3,1406,1452,44054,28,0,1,0,32,12,1,26,30,16,35,18
3,1805,1707,61036,12,0,8,0,29,27,15,9,29,29,24,17
4,2038,973,52992,1,8,0,0,43,24,1,23,50,21,24,4
3,1743,943,58927,16,0,3,0,51,17,2,12,51,27,14,8
2,1206,1825,65348,21,0,8,0,10,53,2,7,14,30,28,27
2,1845,1300,120394,6,0,6,0,7,80,1,0,5,20,28,47
5,1846,1050,38274,42,0,1,0,23,10,1,23,25,25,37,13
2,1249,1332,71494,12,0,3,0,27,43,11,5,13,9,16,61
1,1084,690,129133,3,0,3,0,7,83,3,2,0,0,24,76
1,992,1566,147198,20,1,4,0,13,53,6,3,2,5,30,63
4,2251,949,52127,33,0,0,0,46,3,2,17,41,26,26,7
3,1291,1288,46787,23,0,2,0,24,32,8,10,24,15,29,32
2,1613,1681,107211,6,0,8,0,13,68,4,2,6,10,18,66
2,2134,1555,95101,0,3,0,0,8,82,5,2,5,32,48,15
2,2119,1367,101425,1,2,2,1,6,80,1,8,10,27,36,26
2,2096,1247,102298,0,0,0,0,36,62,1,1,17,18,22,43
2,1996,970,95663,6,0,1,0,18,74,0,1,10,29,37,25
2,1919,1446,80824,2,0,0,0,33,54,2,9,16,21,48,16
3,1898,983,73791,0,1,0,0,6,90,3,0,7,43,33,17
2,1981,2164,93953,0,1,0,0,3,89,4,4,10,34,35,21
2,2051,1456,107394,1,1,0,1,18,75,2,2,9,34,31,26
2,1978,977,87609,0,0,0,0,9,88,2,1,15,34,25,26
3,2029,1399,69783,5,0,0,1,17,75,1,2,21,39,20,20
3,2573,1888,74403,2,0,1,0,38,56,2,2,16,20,38,26
3,1984,1488,79149,3,1,1,0,15,73,5,2,20,31,34,15
2,2002,1404,89676,0,0,1,0,8,91,0,0,16,29,40,15
3,1970,1786,76372,0,0,0,0,7,86,4,3,14,44,26,15
2,2021,873,90187,4,0,0,0,13,81,2,1,13,34,33,20
2,2160,1251,100671,0,0,0,0,13,74,8,4,7,31,44,18
